region,date,median,lower_90,upper_90,lower_50,upper_50,confidence
AGUASCALIENTES,2020-03-18,1,1,1,1,1,1
AGUASCALIENTES,2020-03-19,1,1,1,1,1,1
AGUASCALIENTES,2020-03-20,1,1,1,1,1,1
AGUASCALIENTES,2020-03-21,1,1,1,1,1,1
AGUASCALIENTES,2020-03-22,1,1,1,1,1,1
AGUASCALIENTES,2020-03-23,1,1,1,1,1,1
AGUASCALIENTES,2020-03-24,1,1,2,1,1,1
AGUASCALIENTES,2020-03-25,2,2,2,2,2,1
AGUASCALIENTES,2020-03-26,2,2,2,2,2,1
AGUASCALIENTES,2020-03-27,2,2,2,2,2,1
AGUASCALIENTES,2020-03-28,2,2,2,2,2,1
AGUASCALIENTES,2020-03-29,2,1,2,2,2,1
AGUASCALIENTES,2020-03-30,2,2,2,2,2,1
AGUASCALIENTES,2020-03-31,2,2,2,2,2,1
AGUASCALIENTES,2020-04-01,3,2,3,3,3,1
AGUASCALIENTES,2020-04-02,3,3,3,3,3,1
AGUASCALIENTES,2020-04-03,3,3,4,3,3,1
AGUASCALIENTES,2020-04-04,4,4,4,4,4,1
AGUASCALIENTES,2020-04-05,5,4,5,5,5,1
AGUASCALIENTES,2020-04-06,5,5,5,5,5,1
AGUASCALIENTES,2020-04-07,6,6,6,6,6,1
AGUASCALIENTES,2020-04-08,7,6,7,7,7,1
AGUASCALIENTES,2020-04-09,7,7,7,7,7,1
AGUASCALIENTES,2020-04-10,8,7,8,8,8,1
AGUASCALIENTES,2020-04-11,9,8,9,9,9,1
AGUASCALIENTES,2020-04-12,9,9,10,9,9,1
AGUASCALIENTES,2020-04-13,10,10,11,10,10,1
AGUASCALIENTES,2020-04-14,11,11,12,11,11,1
AGUASCALIENTES,2020-04-15,12,12,12,12,12,1
AGUASCALIENTES,2020-04-16,13,13,13,13,13,1
AGUASCALIENTES,2020-04-17,13,13,13,13,13,1
AGUASCALIENTES,2020-04-18,13,13,13,13,13,1
AGUASCALIENTES,2020-04-19,13,13,13,13,13,1
AGUASCALIENTES,2020-04-20,13,13,13,13,13,1
AGUASCALIENTES,2020-04-21,14,14,14,14,14,1
AGUASCALIENTES,2020-04-22,15,15,15,15,15,1
AGUASCALIENTES,2020-04-23,15,15,15,15,15,1
AGUASCALIENTES,2020-04-24,15,15,15,15,15,0.99
AGUASCALIENTES,2020-04-25,14,14,15,14,14,0.99
AGUASCALIENTES,2020-04-26,14,14,15,14,14,0.99
AGUASCALIENTES,2020-04-27,13,13,14,13,13,0.99
AGUASCALIENTES,2020-04-28,13,13,14,13,13,0.99
AGUASCALIENTES,2020-04-29,14,14,15,14,14,0.98
AGUASCALIENTES,2020-04-30,15,14,16,15,15,0.98
AGUASCALIENTES,2020-05-01,17,16,18,16,17,0.97
AGUASCALIENTES,2020-05-02,19,18,20,18,19,0.96
AGUASCALIENTES,2020-05-03,20,19,21,19,20,0.96
AGUASCALIENTES,2020-05-04,21,20,23,20,21,0.94
AGUASCALIENTES,2020-05-05,21,20,23,20,21,0.93
AGUASCALIENTES,2020-05-06,21,19,23,19,21,0.92
AGUASCALIENTES,2020-05-07,21,19,24,19,21,0.9
AGUASCALIENTES,2020-05-08,22,19,24,20,22,0.87
AGUASCALIENTES,2020-05-09,22,19,25,21,23,0.85
AGUASCALIENTES,2020-05-10,23,20,27,20,23,0.81
AGUASCALIENTES,2020-05-11,24,20,28,21,24,0.78
AGUASCALIENTES,2020-05-12,25,19,29,23,26,0.73
AGUASCALIENTES,2020-05-13,25,19,30,22,26,0.68
AGUASCALIENTES,2020-05-14,25,18,30,20,25,0.62
AGUASCALIENTES,2020-05-15,24,16,31,20,25,0.55
AGUASCALIENTES,2020-05-16,24,16,32,20,26,0.47
AGUASCALIENTES,2020-05-17,25,15,35,18,26,0.39
AGUASCALIENTES,2020-05-18,28,17,44,21,31,0.3
BAJA CALIFORNIA,2020-03-07,1,1,1,1,1,1
BAJA CALIFORNIA,2020-03-08,1,1,1,1,1,1
BAJA CALIFORNIA,2020-03-09,1,1,1,1,1,1
BAJA CALIFORNIA,2020-03-10,1,1,1,1,1,1
BAJA CALIFORNIA,2020-03-11,1,1,1,1,1,1
BAJA CALIFORNIA,2020-03-12,2,1,2,2,2,1
BAJA CALIFORNIA,2020-03-13,2,2,2,2,2,1
BAJA CALIFORNIA,2020-03-14,3,2,3,3,3,1
BAJA CALIFORNIA,2020-03-15,3,3,4,3,3,1
BAJA CALIFORNIA,2020-03-16,4,4,5,4,4,1
BAJA CALIFORNIA,2020-03-17,5,5,6,5,5,1
BAJA CALIFORNIA,2020-03-18,6,6,7,5,6,1
BAJA CALIFORNIA,2020-03-19,8,7,9,8,8,1
BAJA CALIFORNIA,2020-03-20,10,9,11,9,10,1
BAJA CALIFORNIA,2020-03-21,12,11,13,11,12,1
BAJA CALIFORNIA,2020-03-22,14,13,15,13,14,1
BAJA CALIFORNIA,2020-03-23,17,16,18,16,17,1
BAJA CALIFORNIA,2020-03-24,20,19,21,19,20,1
BAJA CALIFORNIA,2020-03-25,23,21,24,22,23,1
BAJA CALIFORNIA,2020-03-26,27,26,28,26,27,1
BAJA CALIFORNIA,2020-03-27,31,30,32,30,31,1
BAJA CALIFORNIA,2020-03-28,35,33,36,34,35,1
BAJA CALIFORNIA,2020-03-29,38,37,39,37,38,1
BAJA CALIFORNIA,2020-03-30,41,40,42,40,41,1
BAJA CALIFORNIA,2020-03-31,44,43,45,44,44,1
BAJA CALIFORNIA,2020-04-01,46,46,47,46,46,1
BAJA CALIFORNIA,2020-04-02,48,47,49,48,48,1
BAJA CALIFORNIA,2020-04-03,50,49,51,49,50,1
BAJA CALIFORNIA,2020-04-04,52,50,53,51,52,1
BAJA CALIFORNIA,2020-04-05,56,55,57,55,56,1
BAJA CALIFORNIA,2020-04-06,60,59,61,59,60,1
BAJA CALIFORNIA,2020-04-07,64,62,64,63,64,1
BAJA CALIFORNIA,2020-04-08,67,65,67,66,67,1
BAJA CALIFORNIA,2020-04-09,70,69,71,70,70,1
BAJA CALIFORNIA,2020-04-10,73,73,74,73,73,1
BAJA CALIFORNIA,2020-04-11,76,76,77,76,76,1
BAJA CALIFORNIA,2020-04-12,79,79,79,79,79,1
BAJA CALIFORNIA,2020-04-13,80,80,80,80,80,1
BAJA CALIFORNIA,2020-04-14,80,79,80,80,80,1
BAJA CALIFORNIA,2020-04-15,79,78,79,79,79,1
BAJA CALIFORNIA,2020-04-16,76,76,77,76,76,1
BAJA CALIFORNIA,2020-04-17,74,73,75,74,74,1
BAJA CALIFORNIA,2020-04-18,74,74,76,73,74,1
BAJA CALIFORNIA,2020-04-19,76,74,77,75,76,1
BAJA CALIFORNIA,2020-04-20,78,77,80,77,78,1
BAJA CALIFORNIA,2020-04-21,82,80,83,81,82,1
BAJA CALIFORNIA,2020-04-22,85,83,86,84,85,1
BAJA CALIFORNIA,2020-04-23,89,87,90,88,89,1
BAJA CALIFORNIA,2020-04-24,91,89,93,91,92,0.99
BAJA CALIFORNIA,2020-04-25,96,94,98,95,96,0.99
BAJA CALIFORNIA,2020-04-26,101.5,99,103,101,102,0.99
BAJA CALIFORNIA,2020-04-27,107,106,109,106,107,0.99
BAJA CALIFORNIA,2020-04-28,110,108,112,109,110,0.99
BAJA CALIFORNIA,2020-04-29,109,107,111,107,109,0.98
BAJA CALIFORNIA,2020-04-30,107,105,110,105,107,0.98
BAJA CALIFORNIA,2020-05-01,107,103,109,105,107,0.97
BAJA CALIFORNIA,2020-05-02,110,106,113,108,110,0.96
BAJA CALIFORNIA,2020-05-03,114,110,118,111,114,0.96
BAJA CALIFORNIA,2020-05-04,118,114,122,116,119,0.94
BAJA CALIFORNIA,2020-05-05,124,119,128,120,124,0.93
BAJA CALIFORNIA,2020-05-06,129,123,134,126,130,0.92
BAJA CALIFORNIA,2020-05-07,133,126,138,128,133,0.9
BAJA CALIFORNIA,2020-05-08,132,124,138,129,134,0.87
BAJA CALIFORNIA,2020-05-09,130,121,137,125,131,0.85
BAJA CALIFORNIA,2020-05-10,132,122,140,127,134,0.81
BAJA CALIFORNIA,2020-05-11,133,123,142,127,135,0.78
BAJA CALIFORNIA,2020-05-12,136,125,147,130,139,0.73
BAJA CALIFORNIA,2020-05-13,142,129,155,135,145,0.68
BAJA CALIFORNIA,2020-05-14,144,130,160,136,148,0.62
BAJA CALIFORNIA,2020-05-15,145,126,161,133,148,0.55
BAJA CALIFORNIA,2020-05-16,145,126,166,132,148,0.47
BAJA CALIFORNIA,2020-05-17,144,120,168,133,153,0.39
BAJA CALIFORNIA,2020-05-18,146,112,174,126,151,0.3
BAJA CALIFORNIA SUR,2020-03-13,1,1,1,1,1,1
BAJA CALIFORNIA SUR,2020-03-14,1,1,1,1,1,1
BAJA CALIFORNIA SUR,2020-03-15,1,1,1,1,1,1
BAJA CALIFORNIA SUR,2020-03-16,1,1,1,1,1,1
BAJA CALIFORNIA SUR,2020-03-17,1,1,1,1,1,1
BAJA CALIFORNIA SUR,2020-03-18,2,1,2,2,2,1
BAJA CALIFORNIA SUR,2020-03-19,2,2,2,2,2,1
BAJA CALIFORNIA SUR,2020-03-20,3,2,3,3,3,1
BAJA CALIFORNIA SUR,2020-03-21,3,3,3,3,3,1
BAJA CALIFORNIA SUR,2020-03-22,4,4,4,4,4,1
BAJA CALIFORNIA SUR,2020-03-23,5,4,5,5,5,1
BAJA CALIFORNIA SUR,2020-03-24,6,5,6,6,6,1
BAJA CALIFORNIA SUR,2020-03-25,7,6,7,7,7,1
BAJA CALIFORNIA SUR,2020-03-26,8,7,8,8,8,1
BAJA CALIFORNIA SUR,2020-03-27,9,8,9,9,9,1
BAJA CALIFORNIA SUR,2020-03-28,9,9,10,9,9,1
BAJA CALIFORNIA SUR,2020-03-29,10,10,10,10,10,1
BAJA CALIFORNIA SUR,2020-03-30,11,11,11,11,11,1
BAJA CALIFORNIA SUR,2020-03-31,11,11,11,11,11,1
BAJA CALIFORNIA SUR,2020-04-01,11,11,11,11,11,1
BAJA CALIFORNIA SUR,2020-04-02,11,11,11,11,11,1
BAJA CALIFORNIA SUR,2020-04-03,12,12,12,12,12,1
BAJA CALIFORNIA SUR,2020-04-04,12,12,12,12,12,1
BAJA CALIFORNIA SUR,2020-04-05,11,11,12,11,11,1
BAJA CALIFORNIA SUR,2020-04-06,11,11,11,11,11,1
BAJA CALIFORNIA SUR,2020-04-07,10,10,10,10,10,1
BAJA CALIFORNIA SUR,2020-04-08,9,9,9,9,9,1
BAJA CALIFORNIA SUR,2020-04-09,9,9,9,9,9,1
BAJA CALIFORNIA SUR,2020-04-10,9,9,9,9,9,1
BAJA CALIFORNIA SUR,2020-04-11,10,10,10,10,10,1
BAJA CALIFORNIA SUR,2020-04-12,10,10,10,10,10,1
BAJA CALIFORNIA SUR,2020-04-13,10,10,11,10,10,1
BAJA CALIFORNIA SUR,2020-04-14,10,10,10,10,10,1
BAJA CALIFORNIA SUR,2020-04-15,9,9,10,9,9,1
BAJA CALIFORNIA SUR,2020-04-16,9,9,9,9,9,1
BAJA CALIFORNIA SUR,2020-04-17,8,8,8,8,8,1
BAJA CALIFORNIA SUR,2020-04-18,8,8,8,8,8,1
BAJA CALIFORNIA SUR,2020-04-19,8,8,9,8,8,1
BAJA CALIFORNIA SUR,2020-04-20,8,8,8,8,8,1
BAJA CALIFORNIA SUR,2020-04-21,8,8,8,8,8,1
BAJA CALIFORNIA SUR,2020-04-22,8,7,8,8,8,1
BAJA CALIFORNIA SUR,2020-04-23,8,8,8,8,8,1
BAJA CALIFORNIA SUR,2020-04-24,8,8,8,8,8,0.99
BAJA CALIFORNIA SUR,2020-04-25,8,8,8,8,8,0.99
BAJA CALIFORNIA SUR,2020-04-26,8,7,8,8,8,0.99
BAJA CALIFORNIA SUR,2020-04-27,7,7,8,7,7,0.99
BAJA CALIFORNIA SUR,2020-04-28,7,7,8,7,7,0.99
BAJA CALIFORNIA SUR,2020-04-29,8,8,9,8,8,0.98
BAJA CALIFORNIA SUR,2020-04-30,8,8,9,8,8,0.98
BAJA CALIFORNIA SUR,2020-05-01,8,8,9,8,8,0.97
BAJA CALIFORNIA SUR,2020-05-02,8,8,9,8,8,0.96
BAJA CALIFORNIA SUR,2020-05-03,8,8,9,8,8,0.96
BAJA CALIFORNIA SUR,2020-05-04,9,9,11,9,9,0.94
BAJA CALIFORNIA SUR,2020-05-05,10,9,11,9,10,0.93
BAJA CALIFORNIA SUR,2020-05-06,10,9,11,9,10,0.92
BAJA CALIFORNIA SUR,2020-05-07,10,9,12,9,10,0.9
BAJA CALIFORNIA SUR,2020-05-08,10,9,12,9,10,0.87
BAJA CALIFORNIA SUR,2020-05-09,10,8,12,9,10,0.85
BAJA CALIFORNIA SUR,2020-05-10,10,8,12,8,10,0.81
BAJA CALIFORNIA SUR,2020-05-11,10,8,13,8,10,0.78
BAJA CALIFORNIA SUR,2020-05-12,10,7,13,8,10,0.73
BAJA CALIFORNIA SUR,2020-05-13,10,7,14,9,11,0.68
BAJA CALIFORNIA SUR,2020-05-14,11,6,15,8,11,0.62
BAJA CALIFORNIA SUR,2020-05-15,11,6,16,7,11,0.55
BAJA CALIFORNIA SUR,2020-05-16,11,6,17,7,11,0.47
BAJA CALIFORNIA SUR,2020-05-17,11,4,17,7,12,0.39
BAJA CALIFORNIA SUR,2020-05-18,11,3,19,7,13,0.3
CAMPECHE,2020-03-23,1,1,1,1,1,1
CAMPECHE,2020-03-24,1,1,1,1,1,1
CAMPECHE,2020-03-25,1,1,1,1,1,1
CAMPECHE,2020-03-26,1,1,1,1,1,1
CAMPECHE,2020-03-27,1,1,1,1,1,1
CAMPECHE,2020-03-28,1,1,1,1,1,1
CAMPECHE,2020-03-29,1,1,1,1,1,1
CAMPECHE,2020-03-30,2,1,2,2,2,1
CAMPECHE,2020-03-31,2,2,2,2,2,1
CAMPECHE,2020-04-01,2,2,2,2,2,1
CAMPECHE,2020-04-02,2,2,2,2,2,1
CAMPECHE,2020-04-03,2,2,2,2,2,1
CAMPECHE,2020-04-04,2,2,3,2,2,1
CAMPECHE,2020-04-05,3,3,3,3,3,1
CAMPECHE,2020-04-06,3,3,3,3,3,1
CAMPECHE,2020-04-07,3,3,3,3,3,1
CAMPECHE,2020-04-08,3,3,3,3,3,1
CAMPECHE,2020-04-09,4,3,4,4,4,1
CAMPECHE,2020-04-10,4,4,4,4,4,1
CAMPECHE,2020-04-11,4,4,4,4,4,1
CAMPECHE,2020-04-12,5,5,5,5,5,1
CAMPECHE,2020-04-13,5,5,5,5,5,1
CAMPECHE,2020-04-14,5,5,5,5,5,1
CAMPECHE,2020-04-15,6,5,6,6,6,1
CAMPECHE,2020-04-16,6,6,6,6,6,1
CAMPECHE,2020-04-17,6,6,7,6,6,1
CAMPECHE,2020-04-18,7,7,7,7,7,1
CAMPECHE,2020-04-19,7,7,7,7,7,1
CAMPECHE,2020-04-20,8,7,8,8,8,1
CAMPECHE,2020-04-21,8,8,8,8,8,1
CAMPECHE,2020-04-22,9,8,9,9,9,1
CAMPECHE,2020-04-23,9,9,9,9,9,1
CAMPECHE,2020-04-24,10,9,10,10,10,0.99
CAMPECHE,2020-04-25,10,10,11,10,10,0.99
CAMPECHE,2020-04-26,11,11,12,11,11,0.99
CAMPECHE,2020-04-27,12,11,12,11,12,0.99
CAMPECHE,2020-04-28,12,12,13,12,12,0.99
CAMPECHE,2020-04-29,13,13,14,13,13,0.98
CAMPECHE,2020-04-30,13,13,14,13,13,0.98
CAMPECHE,2020-05-01,13,13,15,13,13,0.97
CAMPECHE,2020-05-02,14,13,15,13,14,0.96
CAMPECHE,2020-05-03,14,14,16,14,14,0.96
CAMPECHE,2020-05-04,15,14,16,14,15,0.94
CAMPECHE,2020-05-05,15,14,17,14,15,0.93
CAMPECHE,2020-05-06,16,14,18,15,16,0.92
CAMPECHE,2020-05-07,16,15,19,16,17,0.9
CAMPECHE,2020-05-08,17,14,19,15,17,0.87
CAMPECHE,2020-05-09,16,14,19,14,16,0.85
CAMPECHE,2020-05-10,16,13,19,14,16,0.81
CAMPECHE,2020-05-11,17,13,20,14,17,0.78
CAMPECHE,2020-05-12,19,15,23,16,19,0.73
CAMPECHE,2020-05-13,20,15,25,18,21,0.68
CAMPECHE,2020-05-14,21,15,27,17,22,0.62
CAMPECHE,2020-05-15,22,16,29,18,23,0.55
CAMPECHE,2020-05-16,23,16,32,19,25,0.47
CAMPECHE,2020-05-17,23,15,34,15,23,0.39
CAMPECHE,2020-05-18,23,12,35,16,25,0.3
CHIAPAS,2020-03-19,1,1,1,1,1,1
CHIAPAS,2020-03-20,1,1,1,1,1,1
CHIAPAS,2020-03-21,1,1,1,1,1,1
CHIAPAS,2020-03-22,1,1,1,1,1,1
CHIAPAS,2020-03-23,1,1,1,1,1,1
CHIAPAS,2020-03-24,2,1,2,2,2,1
CHIAPAS,2020-03-25,2,2,2,2,2,1
CHIAPAS,2020-03-26,2,2,2,2,2,1
CHIAPAS,2020-03-27,2,2,3,2,2,1
CHIAPAS,2020-03-28,3,3,3,3,3,1
CHIAPAS,2020-03-29,3,3,3,3,3,1
CHIAPAS,2020-03-30,3,3,3,3,3,1
CHIAPAS,2020-03-31,3,3,3,3,3,1
CHIAPAS,2020-04-01,3,3,4,3,3,1
CHIAPAS,2020-04-02,4,4,4,4,4,1
CHIAPAS,2020-04-03,4,4,4,4,4,1
CHIAPAS,2020-04-04,4,4,4,4,4,1
CHIAPAS,2020-04-05,5,4,5,5,5,1
CHIAPAS,2020-04-06,5,5,5,5,5,1
CHIAPAS,2020-04-07,6,6,6,6,6,1
CHIAPAS,2020-04-08,6,6,7,6,6,1
CHIAPAS,2020-04-09,7,7,7,7,7,1
CHIAPAS,2020-04-10,8,8,8,8,8,1
CHIAPAS,2020-04-11,8,8,9,8,8,1
CHIAPAS,2020-04-12,9,9,10,9,9,1
CHIAPAS,2020-04-13,10,10,10,10,10,1
CHIAPAS,2020-04-14,11,11,11,11,11,1
CHIAPAS,2020-04-15,12,12,12,12,12,1
CHIAPAS,2020-04-16,13,12,13,13,13,1
CHIAPAS,2020-04-17,14,13,14,14,14,1
CHIAPAS,2020-04-18,15,14,15,15,15,1
CHIAPAS,2020-04-19,16,15,17,16,16,1
CHIAPAS,2020-04-20,17,17,18,17,17,1
CHIAPAS,2020-04-21,19,18,19,19,19,1
CHIAPAS,2020-04-22,20,19,21,20,20,1
CHIAPAS,2020-04-23,21,21,22,21,21,1
CHIAPAS,2020-04-24,23,22,24,23,23,0.99
CHIAPAS,2020-04-25,24,23,25,24,24,0.99
CHIAPAS,2020-04-26,26,25,27,26,26,0.99
CHIAPAS,2020-04-27,28,27,29,27,28,0.99
CHIAPAS,2020-04-28,30,29,32,29,30,0.99
CHIAPAS,2020-04-29,33,32,35,32,33,0.98
CHIAPAS,2020-04-30,36,35,38,35,36,0.98
CHIAPAS,2020-05-01,38,37,40,37,38,0.97
CHIAPAS,2020-05-02,40,38,42,39,40,0.96
CHIAPAS,2020-05-03,43,40,45,41,43,0.96
CHIAPAS,2020-05-04,45,42,47,43,45,0.94
CHIAPAS,2020-05-05,48,45,51,46,48,0.93
CHIAPAS,2020-05-06,52,48,55,49,52,0.92
CHIAPAS,2020-05-07,57,53,61,54,57,0.9
CHIAPAS,2020-05-08,61,55,65,58,62,0.87
CHIAPAS,2020-05-09,65,59,70,62,66,0.85
CHIAPAS,2020-05-10,68,62,74,64,69,0.81
CHIAPAS,2020-05-11,72,64,79,67,73,0.78
CHIAPAS,2020-05-12,75,67,83,71,77,0.73
CHIAPAS,2020-05-13,80,69,89,73,81,0.68
CHIAPAS,2020-05-14,85,72,96,79,88,0.62
CHIAPAS,2020-05-15,89,73,101,81,92,0.55
CHIAPAS,2020-05-16,91,75,107,84,96,0.47
CHIAPAS,2020-05-17,94,72,112,85,100,0.39
CHIAPAS,2020-05-18,98,74,122,84,103,0.3
CHIHUAHUA,2020-03-16,1,1,1,1,1,1
CHIHUAHUA,2020-03-17,1,1,1,1,1,1
CHIHUAHUA,2020-03-18,1,1,1,1,1,1
CHIHUAHUA,2020-03-19,1,1,1,1,1,1
CHIHUAHUA,2020-03-20,1,1,1,1,1,1
CHIHUAHUA,2020-03-21,2,1,2,2,2,1
CHIHUAHUA,2020-03-22,2,2,2,2,2,1
CHIHUAHUA,2020-03-23,3,2,3,3,3,1
CHIHUAHUA,2020-03-24,3,3,3,3,3,1
CHIHUAHUA,2020-03-25,4,4,4,4,4,1
CHIHUAHUA,2020-03-26,5,4,5,5,5,1
CHIHUAHUA,2020-03-27,5,5,6,5,5,1
CHIHUAHUA,2020-03-28,6,6,6,6,6,1
CHIHUAHUA,2020-03-29,7,7,7,7,7,1
CHIHUAHUA,2020-03-30,8,7,8,8,8,1
CHIHUAHUA,2020-03-31,8,8,9,8,8,1
CHIHUAHUA,2020-04-01,9,9,9,9,9,1
CHIHUAHUA,2020-04-02,10,10,10,10,10,1
CHIHUAHUA,2020-04-03,11,10,11,11,11,1
CHIHUAHUA,2020-04-04,11,11,12,11,11,1
CHIHUAHUA,2020-04-05,12,11,12,12,12,1
CHIHUAHUA,2020-04-06,13,12,13,13,13,1
CHIHUAHUA,2020-04-07,14,14,15,14,14,1
CHIHUAHUA,2020-04-08,15,15,16,15,15,1
CHIHUAHUA,2020-04-09,16,16,17,16,16,1
CHIHUAHUA,2020-04-10,17,17,18,17,17,1
CHIHUAHUA,2020-04-11,18,18,19,18,18,1
CHIHUAHUA,2020-04-12,19,18,19,19,19,1
CHIHUAHUA,2020-04-13,20,20,21,20,20,1
CHIHUAHUA,2020-04-14,22,21,22,22,22,1
CHIHUAHUA,2020-04-15,24,23,24,24,24,1
CHIHUAHUA,2020-04-16,26,25,26,26,26,1
CHIHUAHUA,2020-04-17,27,27,27,27,27,1
CHIHUAHUA,2020-04-18,28,28,29,28,28,1
CHIHUAHUA,2020-04-19,29,29,30,29,29,1
CHIHUAHUA,2020-04-20,30,30,31,30,30,1
CHIHUAHUA,2020-04-21,31,31,32,31,31,1
CHIHUAHUA,2020-04-22,32,32,33,32,32,1
CHIHUAHUA,2020-04-23,33,33,34,33,33,1
CHIHUAHUA,2020-04-24,33,33,34,33,33,0.99
CHIHUAHUA,2020-04-25,33,32,34,33,33,0.99
CHIHUAHUA,2020-04-26,32,31,33,32,32,0.99
CHIHUAHUA,2020-04-27,30,30,31,30,30,0.99
CHIHUAHUA,2020-04-28,28,28,29,28,28,0.99
CHIHUAHUA,2020-04-29,28,27,29,27,28,0.98
CHIHUAHUA,2020-04-30,28,28,30,28,28,0.98
CHIHUAHUA,2020-05-01,29,28,31,28,29,0.97
CHIHUAHUA,2020-05-02,31,30,33,30,31,0.96
CHIHUAHUA,2020-05-03,33,31,35,32,33,0.96
CHIHUAHUA,2020-05-04,35,33,37,33,35,0.94
CHIHUAHUA,2020-05-05,36,34,39,34,36,0.93
CHIHUAHUA,2020-05-06,38,34,40,36,38,0.92
CHIHUAHUA,2020-05-07,39,35,42,37,39,0.9
CHIHUAHUA,2020-05-08,39,35,42,36,39,0.87
CHIHUAHUA,2020-05-09,39,35,43,37,40,0.85
CHIHUAHUA,2020-05-10,40,34,44,36,40,0.81
CHIHUAHUA,2020-05-11,40,34,45,37,41,0.78
CHIHUAHUA,2020-05-12,43,36,49,39,44,0.73
CHIHUAHUA,2020-05-13,46,39,54,42,48,0.68
CHIHUAHUA,2020-05-14,49,39,57,44,51,0.62
CHIHUAHUA,2020-05-15,50,39,60,43,51,0.55
CHIHUAHUA,2020-05-16,49,38,63,42,52,0.47
CHIHUAHUA,2020-05-17,51,37,66,43,54,0.39
CHIHUAHUA,2020-05-18,56,37,74,43,59,0.3
CIUDAD DE MEXICO,2020-03-01,1,1,1,1,1,1
CIUDAD DE MEXICO,2020-03-02,1,1,1,1,1,1
CIUDAD DE MEXICO,2020-03-03,1,1,1,1,1,1
CIUDAD DE MEXICO,2020-03-04,1,1,1,1,1,1
CIUDAD DE MEXICO,2020-03-05,1,1,1,1,1,1
CIUDAD DE MEXICO,2020-03-06,1,1,2,1,1,1
CIUDAD DE MEXICO,2020-03-07,2,1,2,2,2,1
CIUDAD DE MEXICO,2020-03-08,2,2,3,2,2,1
CIUDAD DE MEXICO,2020-03-09,3,2,3,3,3,1
CIUDAD DE MEXICO,2020-03-10,4,3,4,4,4,1
CIUDAD DE MEXICO,2020-03-11,5,4,6,5,5,1
CIUDAD DE MEXICO,2020-03-12,6,5,7,6,6,1
CIUDAD DE MEXICO,2020-03-13,7,6,9,6,7,1
CIUDAD DE MEXICO,2020-03-14,9,8,11,8,9,1
CIUDAD DE MEXICO,2020-03-15,11,10,13,11,12,1
CIUDAD DE MEXICO,2020-03-16,14,12,16,13,14,1
CIUDAD DE MEXICO,2020-03-17,17,15,19,17,18,1
CIUDAD DE MEXICO,2020-03-18,21,18,23,19,21,1
CIUDAD DE MEXICO,2020-03-19,26,23,28,24,26,1
CIUDAD DE MEXICO,2020-03-20,31,28,34,30,32,1
CIUDAD DE MEXICO,2020-03-21,37,33,40,36,38,1
CIUDAD DE MEXICO,2020-03-22,44,40,47,42,45,1
CIUDAD DE MEXICO,2020-03-23,52,48,56,50,53,1
CIUDAD DE MEXICO,2020-03-24,61,57,65,59,62,1
CIUDAD DE MEXICO,2020-03-25,71,66,74,69,72,1
CIUDAD DE MEXICO,2020-03-26,81,77,85,79,82,1
CIUDAD DE MEXICO,2020-03-27,91,87,95,89,92,1
CIUDAD DE MEXICO,2020-03-28,101,98,105,99,102,1
CIUDAD DE MEXICO,2020-03-29,110,107,114,108,111,1
CIUDAD DE MEXICO,2020-03-30,118,115,122,116,119,1
CIUDAD DE MEXICO,2020-03-31,126,121,129,124,127,1
CIUDAD DE MEXICO,2020-04-01,134,128,137,132,135,1
CIUDAD DE MEXICO,2020-04-02,143,138,147,139,143,1
CIUDAD DE MEXICO,2020-04-03,152,147,157,149,153,1
CIUDAD DE MEXICO,2020-04-04,163,156,167,160,164,1
CIUDAD DE MEXICO,2020-04-05,175,169,180,172,176,1
CIUDAD DE MEXICO,2020-04-06,187,180,192,183,188,1
CIUDAD DE MEXICO,2020-04-07,199,193,205,195,200,1
CIUDAD DE MEXICO,2020-04-08,212,205,218,208,213,1
CIUDAD DE MEXICO,2020-04-09,228,221,234,224,229,1
CIUDAD DE MEXICO,2020-04-10,244,236,249,240,245,1
CIUDAD DE MEXICO,2020-04-11,260,253,265,256,261,1
CIUDAD DE MEXICO,2020-04-12,274,267,279,270,275,1
CIUDAD DE MEXICO,2020-04-13,287,281,293,283,288,1
CIUDAD DE MEXICO,2020-04-14,302,294,307,298,303,1
CIUDAD DE MEXICO,2020-04-15,317,311,323,313,318,1
CIUDAD DE MEXICO,2020-04-16,334,328,339,331,335,1
CIUDAD DE MEXICO,2020-04-17,345,339,350,343,347,1
CIUDAD DE MEXICO,2020-04-18,353,346,359,349,354,1
CIUDAD DE MEXICO,2020-04-19,364,355,371,360,366,1
CIUDAD DE MEXICO,2020-04-20,380,371,388,375,382,1
CIUDAD DE MEXICO,2020-04-21,402,393,410,397,404,1
CIUDAD DE MEXICO,2020-04-22,425,416,432,421,427,1
CIUDAD DE MEXICO,2020-04-23,445,436,451,440,446,1
CIUDAD DE MEXICO,2020-04-24,461,453,468,456,462,0.99
CIUDAD DE MEXICO,2020-04-25,476,468,484,473,479,0.99
CIUDAD DE MEXICO,2020-04-26,491,481,498,485,492,0.99
CIUDAD DE MEXICO,2020-04-27,508,498,516,503,510,0.99
CIUDAD DE MEXICO,2020-04-28,526,515,534,519,527,0.99
CIUDAD DE MEXICO,2020-04-29,547,539,558,541,549,0.98
CIUDAD DE MEXICO,2020-04-30,571,560,579,565,573,0.98
CIUDAD DE MEXICO,2020-05-01,591,582,602,585,593,0.97
CIUDAD DE MEXICO,2020-05-02,603,592,613,595,604,0.96
CIUDAD DE MEXICO,2020-05-03,618,604,630,610,620,0.96
CIUDAD DE MEXICO,2020-05-04,639,625,652,631,642,0.94
CIUDAD DE MEXICO,2020-05-05,668,652,682,660,672,0.93
CIUDAD DE MEXICO,2020-05-06,700,683,714,691,703,0.92
CIUDAD DE MEXICO,2020-05-07,736,719,752,726,740,0.9
CIUDAD DE MEXICO,2020-05-08,760,741,776,750,765,0.87
CIUDAD DE MEXICO,2020-05-09,782,765,805,772,788,0.85
CIUDAD DE MEXICO,2020-05-10,795,770,816,781,800,0.81
CIUDAD DE MEXICO,2020-05-11,812,784,835,801,822,0.78
CIUDAD DE MEXICO,2020-05-12,835,804,863,822,845,0.73
CIUDAD DE MEXICO,2020-05-13,854,824,890,838,865,0.68
CIUDAD DE MEXICO,2020-05-14,866,828,903,847,877,0.62
CIUDAD DE MEXICO,2020-05-15,888,840,933,868,905,0.55
CIUDAD DE MEXICO,2020-05-16,901,846,950,870,913,0.47
CIUDAD DE MEXICO,2020-05-17,896,838,956,862,909,0.39
CIUDAD DE MEXICO,2020-05-18,884,817,955,843,903,0.3
COAHUILA,2020-03-12,1,1,1,1,1,1
COAHUILA,2020-03-13,1,1,1,1,1,1
COAHUILA,2020-03-14,1,1,1,1,1,1
COAHUILA,2020-03-15,1,1,1,1,1,1
COAHUILA,2020-03-16,1,1,2,1,1,1
COAHUILA,2020-03-17,2,2,2,2,2,1
COAHUILA,2020-03-18,2,2,2,2,2,1
COAHUILA,2020-03-19,3,2,3,3,3,1
COAHUILA,2020-03-20,3,3,4,3,3,1
COAHUILA,2020-03-21,4,4,4,4,4,1
COAHUILA,2020-03-22,5,5,5,5,5,1
COAHUILA,2020-03-23,6,5,6,6,6,1
COAHUILA,2020-03-24,7,6,7,7,7,1
COAHUILA,2020-03-25,8,7,8,8,8,1
COAHUILA,2020-03-26,9,8,9,9,9,1
COAHUILA,2020-03-27,10,9,10,10,10,1
COAHUILA,2020-03-28,10,10,10,10,10,1
COAHUILA,2020-03-29,11,11,11,11,11,1
COAHUILA,2020-03-30,11,11,11,11,11,1
COAHUILA,2020-03-31,11,11,11,11,11,1
COAHUILA,2020-04-01,11,11,11,11,11,1
COAHUILA,2020-04-02,11,11,11,11,11,1
COAHUILA,2020-04-03,11,11,11,11,11,1
COAHUILA,2020-04-04,11,11,11,11,11,1
COAHUILA,2020-04-05,12,11,12,12,12,1
COAHUILA,2020-04-06,12,12,12,12,12,1
COAHUILA,2020-04-07,12,12,12,12,12,1
COAHUILA,2020-04-08,12,12,12,12,12,1
COAHUILA,2020-04-09,12,12,12,12,12,1
COAHUILA,2020-04-10,12,12,13,12,12,1
COAHUILA,2020-04-11,13,13,13,13,13,1
COAHUILA,2020-04-12,13,13,13,13,13,1
COAHUILA,2020-04-13,14,14,14,14,14,1
COAHUILA,2020-04-14,14,14,14,14,14,1
COAHUILA,2020-04-15,14,14,14,14,14,1
COAHUILA,2020-04-16,14,14,15,14,14,1
COAHUILA,2020-04-17,15,15,15,15,15,1
COAHUILA,2020-04-18,15,15,15,15,15,1
COAHUILA,2020-04-19,15,15,15,15,15,1
COAHUILA,2020-04-20,15,15,15,15,15,1
COAHUILA,2020-04-21,15,15,15,15,15,1
COAHUILA,2020-04-22,16,15,16,16,16,1
COAHUILA,2020-04-23,16,16,16,16,16,1
COAHUILA,2020-04-24,16,16,17,16,16,0.99
COAHUILA,2020-04-25,16,16,17,16,16,0.99
COAHUILA,2020-04-26,16,15,17,16,16,0.99
COAHUILA,2020-04-27,16,16,17,16,16,0.99
COAHUILA,2020-04-28,16,16,17,16,16,0.99
COAHUILA,2020-04-29,16,16,17,16,16,0.98
COAHUILA,2020-04-30,16,16,17,16,16,0.98
COAHUILA,2020-05-01,17,17,19,17,17,0.97
COAHUILA,2020-05-02,18,17,19,17,18,0.96
COAHUILA,2020-05-03,18,17,20,17,18,0.96
COAHUILA,2020-05-04,18,17,20,17,18,0.94
COAHUILA,2020-05-05,19,18,21,18,19,0.93
COAHUILA,2020-05-06,21,19,23,20,21,0.92
COAHUILA,2020-05-07,21,19,23,20,21,0.9
COAHUILA,2020-05-08,22,19,25,20,22,0.87
COAHUILA,2020-05-09,23,20,26,21,23,0.85
COAHUILA,2020-05-10,25,21,28,22,25,0.81
COAHUILA,2020-05-11,26,21,30,24,27,0.78
COAHUILA,2020-05-12,28,22,32,24,28,0.73
COAHUILA,2020-05-13,30,24,36,25,30,0.68
COAHUILA,2020-05-14,32,25,39,28,33,0.62
COAHUILA,2020-05-15,32,24,40,28,34,0.55
COAHUILA,2020-05-16,33,25,45,29,36,0.47
COAHUILA,2020-05-17,37,25,49,30,39,0.39
COAHUILA,2020-05-18,41,26,57,31,43,0.3
COLIMA,2020-04-08,1,1,1,1,1,1
COLIMA,2020-04-09,1,1,1,1,1,1
COLIMA,2020-04-10,1,1,1,1,1,1
COLIMA,2020-04-11,1,1,1,1,1,1
COLIMA,2020-04-12,1,1,1,1,1,1
COLIMA,2020-04-13,1,1,1,1,1,1
COLIMA,2020-04-14,1,1,1,1,1,1
COLIMA,2020-04-15,1,1,1,1,1,1
COLIMA,2020-04-16,1,1,1,1,1,1
COLIMA,2020-04-17,1,1,1,1,1,1
COLIMA,2020-04-18,1,1,1,1,1,1
COLIMA,2020-04-19,1,1,1,1,1,1
COLIMA,2020-04-20,1,1,1,1,1,1
COLIMA,2020-04-21,1,1,1,1,1,1
COLIMA,2020-04-22,1,1,1,1,1,1
COLIMA,2020-04-23,1,1,1,1,1,1
COLIMA,2020-04-24,1,1,1,1,1,0.99
COLIMA,2020-04-25,1,1,2,1,1,0.99
COLIMA,2020-04-26,2,2,2,2,2,0.99
COLIMA,2020-04-27,2,2,2,2,2,0.99
COLIMA,2020-04-28,2,2,2,2,2,0.99
COLIMA,2020-04-29,2,2,2,2,2,0.98
COLIMA,2020-04-30,3,3,3,3,3,0.98
COLIMA,2020-05-01,3,3,4,3,3,0.97
COLIMA,2020-05-02,3,3,4,3,3,0.96
COLIMA,2020-05-03,3,3,4,3,3,0.96
COLIMA,2020-05-04,3,3,4,3,3,0.94
COLIMA,2020-05-05,4,4,5,4,4,0.93
COLIMA,2020-05-06,4,4,5,4,4,0.92
COLIMA,2020-05-07,4,4,6,4,4,0.9
COLIMA,2020-05-08,4,4,6,4,4,0.87
COLIMA,2020-05-09,5,4,6,4,5,0.85
COLIMA,2020-05-10,5,4,7,4,5,0.81
COLIMA,2020-05-11,5,4,7,4,5,0.78
COLIMA,2020-05-12,6,4,8,4,6,0.73
COLIMA,2020-05-13,6,4,9,4,6,0.68
COLIMA,2020-05-14,5,3,9,3,5,0.62
COLIMA,2020-05-15,6,3,10,4,6,0.55
COLIMA,2020-05-16,7,3,12,4,7,0.47
COLIMA,2020-05-17,6,2,11,3,6,0.39
COLIMA,2020-05-18,8,2,15,3,8,0.3
DURANGO,2020-03-26,1,1,1,1,1,1
DURANGO,2020-03-27,1,1,1,1,1,1
DURANGO,2020-03-28,1,1,1,1,1,1
DURANGO,2020-03-29,1,1,1,1,1,1
DURANGO,2020-03-30,1,1,1,1,1,1
DURANGO,2020-03-31,1,1,1,1,1,1
DURANGO,2020-04-01,1,1,1,1,1,1
DURANGO,2020-04-02,1,1,1,1,1,1
DURANGO,2020-04-03,1,1,1,1,1,1
DURANGO,2020-04-04,1,1,1,1,1,1
DURANGO,2020-04-05,1,1,1,1,1,1
DURANGO,2020-04-06,1,1,1,1,1,1
DURANGO,2020-04-07,1,1,2,1,1,1
DURANGO,2020-04-08,2,2,2,2,2,1
DURANGO,2020-04-09,2,2,2,2,2,1
DURANGO,2020-04-10,2,2,2,2,2,1
DURANGO,2020-04-11,3,3,3,3,3,1
DURANGO,2020-04-12,3,3,3,3,3,1
DURANGO,2020-04-13,3,3,3,3,3,1
DURANGO,2020-04-14,3,3,3,3,3,1
DURANGO,2020-04-15,4,3,4,4,4,1
DURANGO,2020-04-16,4,4,4,4,4,1
DURANGO,2020-04-17,4,4,4,4,4,1
DURANGO,2020-04-18,4,4,4,4,4,1
DURANGO,2020-04-19,4,4,4,4,4,1
DURANGO,2020-04-20,4,4,4,4,4,1
DURANGO,2020-04-21,5,4,5,5,5,1
DURANGO,2020-04-22,5,5,5,5,5,1
DURANGO,2020-04-23,5,5,5,5,5,1
DURANGO,2020-04-24,5,5,5,5,5,0.99
DURANGO,2020-04-25,5,5,5,5,5,0.99
DURANGO,2020-04-26,5,5,5,5,5,0.99
DURANGO,2020-04-27,5,5,5,5,5,0.99
DURANGO,2020-04-28,6,6,7,6,6,0.99
DURANGO,2020-04-29,6,6,7,6,6,0.98
DURANGO,2020-04-30,6,6,7,6,6,0.98
DURANGO,2020-05-01,6,6,7,6,6,0.97
DURANGO,2020-05-02,6,6,7,6,6,0.96
DURANGO,2020-05-03,7,6,8,6,7,0.96
DURANGO,2020-05-04,7,7,8,7,7,0.94
DURANGO,2020-05-05,7,7,9,7,7,0.93
DURANGO,2020-05-06,8,7,9,7,8,0.92
DURANGO,2020-05-07,9,8,10,8,9,0.9
DURANGO,2020-05-08,9,8,11,8,9,0.87
DURANGO,2020-05-09,9,8,11,8,9,0.85
DURANGO,2020-05-10,10,8,12,9,10,0.81
DURANGO,2020-05-11,10,8,13,8,10,0.78
DURANGO,2020-05-12,11,8,14,9,11,0.73
DURANGO,2020-05-13,12,8,15,9,12,0.68
DURANGO,2020-05-14,12,8,17,10,13,0.62
DURANGO,2020-05-15,13,8,18,9,13,0.55
DURANGO,2020-05-16,14,8,20,9,14,0.47
DURANGO,2020-05-17,15,7,23,11,17,0.39
DURANGO,2020-05-18,17,6,27,12,19,0.3
GUANAJUATO,2020-03-18,1,1,1,1,1,1
GUANAJUATO,2020-03-19,1,1,1,1,1,1
GUANAJUATO,2020-03-20,1,1,1,1,1,1
GUANAJUATO,2020-03-21,1,1,1,1,1,1
GUANAJUATO,2020-03-22,1,1,1,1,1,1
GUANAJUATO,2020-03-23,2,1,2,2,2,1
GUANAJUATO,2020-03-24,2,2,2,2,2,1
GUANAJUATO,2020-03-25,2,2,3,2,2,1
GUANAJUATO,2020-03-26,3,3,3,3,3,1
GUANAJUATO,2020-03-27,3,3,3,3,3,1
GUANAJUATO,2020-03-28,4,4,4,4,4,1
GUANAJUATO,2020-03-29,4,4,4,4,4,1
GUANAJUATO,2020-03-30,5,4,5,5,5,1
GUANAJUATO,2020-03-31,5,5,5,5,5,1
GUANAJUATO,2020-04-01,6,5,6,6,6,1
GUANAJUATO,2020-04-02,6,6,6,6,6,1
GUANAJUATO,2020-04-03,6,6,6,6,6,1
GUANAJUATO,2020-04-04,7,6,7,7,7,1
GUANAJUATO,2020-04-05,7,7,7,7,7,1
GUANAJUATO,2020-04-06,8,8,8,8,8,1
GUANAJUATO,2020-04-07,9,8,9,9,9,1
GUANAJUATO,2020-04-08,9,9,10,9,9,1
GUANAJUATO,2020-04-09,10,10,10,10,10,1
GUANAJUATO,2020-04-10,11,11,11,11,11,1
GUANAJUATO,2020-04-11,12,12,12,12,12,1
GUANAJUATO,2020-04-12,12,12,12,12,12,1
GUANAJUATO,2020-04-13,12,12,12,12,12,1
GUANAJUATO,2020-04-14,12,12,13,12,12,1
GUANAJUATO,2020-04-15,13,12,13,13,13,1
GUANAJUATO,2020-04-16,13,13,13,13,13,1
GUANAJUATO,2020-04-17,14,13,14,14,14,1
GUANAJUATO,2020-04-18,15,14,15,15,15,1
GUANAJUATO,2020-04-19,16,15,16,16,16,1
GUANAJUATO,2020-04-20,17,17,18,17,17,1
GUANAJUATO,2020-04-21,19,18,19,19,19,1
GUANAJUATO,2020-04-22,20,19,21,20,20,1
GUANAJUATO,2020-04-23,21,21,22,21,21,1
GUANAJUATO,2020-04-24,23,22,24,23,23,0.99
GUANAJUATO,2020-04-25,24,23,25,24,24,0.99
GUANAJUATO,2020-04-26,25,24,26,25,25,0.99
GUANAJUATO,2020-04-27,27,26,28,27,27,0.99
GUANAJUATO,2020-04-28,29,29,31,29,29,0.99
GUANAJUATO,2020-04-29,31,31,33,30,31,0.98
GUANAJUATO,2020-04-30,34,33,35,33,34,0.98
GUANAJUATO,2020-05-01,35,34,37,34,35,0.97
GUANAJUATO,2020-05-02,36,35,38,35,36,0.96
GUANAJUATO,2020-05-03,37,36,40,36,37,0.96
GUANAJUATO,2020-05-04,39,37,41,37,39,0.94
GUANAJUATO,2020-05-05,40,37,42,38,40,0.93
GUANAJUATO,2020-05-06,41,38,44,40,42,0.92
GUANAJUATO,2020-05-07,42,38,45,41,43,0.9
GUANAJUATO,2020-05-08,43,39,47,41,44,0.87
GUANAJUATO,2020-05-09,45,40,49,42,45,0.85
GUANAJUATO,2020-05-10,46,40,51,43,47,0.81
GUANAJUATO,2020-05-11,49,42,54,44,49,0.78
GUANAJUATO,2020-05-12,52,44,58,46,52,0.73
GUANAJUATO,2020-05-13,54,46,62,50,56,0.68
GUANAJUATO,2020-05-14,57,46,66,51,59,0.62
GUANAJUATO,2020-05-15,60,48,71,55,64,0.55
GUANAJUATO,2020-05-16,62,49,76,53,64,0.47
GUANAJUATO,2020-05-17,62,45,76,52,65,0.39
GUANAJUATO,2020-05-18,64,45,86,52,68,0.3
GUERRERO,2020-03-16,1,1,1,1,1,1
GUERRERO,2020-03-17,1,1,1,1,1,1
GUERRERO,2020-03-18,1,1,1,1,1,1
GUERRERO,2020-03-19,1,1,1,1,1,1
GUERRERO,2020-03-20,1,1,2,1,1,1
GUERRERO,2020-03-21,2,2,2,2,2,1
GUERRERO,2020-03-22,2,2,2,2,2,1
GUERRERO,2020-03-23,3,2,3,3,3,1
GUERRERO,2020-03-24,3,3,3,3,3,1
GUERRERO,2020-03-25,4,4,4,4,4,1
GUERRERO,2020-03-26,4,4,4,4,4,1
GUERRERO,2020-03-27,5,5,5,5,5,1
GUERRERO,2020-03-28,5,5,6,5,5,1
GUERRERO,2020-03-29,6,6,6,6,6,1
GUERRERO,2020-03-30,6,6,7,6,6,1
GUERRERO,2020-03-31,7,7,7,7,7,1
GUERRERO,2020-04-01,7,7,7,7,7,1
GUERRERO,2020-04-02,7,7,8,7,7,1
GUERRERO,2020-04-03,8,8,8,8,8,1
GUERRERO,2020-04-04,8,8,8,8,8,1
GUERRERO,2020-04-05,9,8,9,9,9,1
GUERRERO,2020-04-06,9,9,9,9,9,1
GUERRERO,2020-04-07,9,9,10,9,9,1
GUERRERO,2020-04-08,10,9,10,10,10,1
GUERRERO,2020-04-09,10,10,10,10,10,1
GUERRERO,2020-04-10,11,10,11,11,11,1
GUERRERO,2020-04-11,12,11,12,12,12,1
GUERRERO,2020-04-12,13,12,13,13,13,1
GUERRERO,2020-04-13,14,14,15,14,14,1
GUERRERO,2020-04-14,15,15,16,15,15,1
GUERRERO,2020-04-15,17,16,17,17,17,1
GUERRERO,2020-04-16,18,18,19,18,18,1
GUERRERO,2020-04-17,20,19,20,20,20,1
GUERRERO,2020-04-18,21,20,21,21,21,1
GUERRERO,2020-04-19,22,21,22,22,22,1
GUERRERO,2020-04-20,23,22,23,23,23,1
GUERRERO,2020-04-21,24,24,25,24,24,1
GUERRERO,2020-04-22,25,24,25,25,25,1
GUERRERO,2020-04-23,26,25,26,26,26,1
GUERRERO,2020-04-24,27,26,27,26,27,0.99
GUERRERO,2020-04-25,28,27,29,27,28,0.99
GUERRERO,2020-04-26,29,28,30,29,29,0.99
GUERRERO,2020-04-27,31,30,32,30,31,0.99
GUERRERO,2020-04-28,33,32,34,32,33,0.99
GUERRERO,2020-04-29,35,34,36,34,35,0.98
GUERRERO,2020-04-30,37,35,38,36,37,0.98
GUERRERO,2020-05-01,39,37,41,38,39,0.97
GUERRERO,2020-05-02,40,39,42,40,41,0.96
GUERRERO,2020-05-03,43,41,45,42,43,0.96
GUERRERO,2020-05-04,44,42,47,42,44,0.94
GUERRERO,2020-05-05,45,42,48,43,45,0.93
GUERRERO,2020-05-06,46,43,49,44,46,0.92
GUERRERO,2020-05-07,47,43,50,44,47,0.9
GUERRERO,2020-05-08,48,44,52,45,48,0.87
GUERRERO,2020-05-09,50,45,55,47,51,0.85
GUERRERO,2020-05-10,53,47,58,50,54,0.81
GUERRERO,2020-05-11,56,50,62,52,57,0.78
GUERRERO,2020-05-12,60,52,67,55,61,0.73
GUERRERO,2020-05-13,64,53,72,59,66,0.68
GUERRERO,2020-05-14,68,58,78,61,69,0.62
GUERRERO,2020-05-15,73,61,85,65,75,0.55
GUERRERO,2020-05-16,79,62,93,70,83,0.47
GUERRERO,2020-05-17,84,67,103,72,86,0.39
GUERRERO,2020-05-18,88,68,112,74,92,0.3
HIDALGO,2020-03-17,1,1,1,1,1,1
HIDALGO,2020-03-18,1,1,1,1,1,1
HIDALGO,2020-03-19,1,1,1,1,1,1
HIDALGO,2020-03-20,1,1,1,1,1,1
HIDALGO,2020-03-21,1,1,1,1,1,1
HIDALGO,2020-03-22,2,1,2,2,2,1
HIDALGO,2020-03-23,2,2,2,2,2,1
HIDALGO,2020-03-24,2,2,2,2,2,1
HIDALGO,2020-03-25,3,2,3,3,3,1
HIDALGO,2020-03-26,3,3,3,3,3,1
HIDALGO,2020-03-27,3,3,3,3,3,1
HIDALGO,2020-03-28,3,3,4,3,3,1
HIDALGO,2020-03-29,4,3,4,4,4,1
HIDALGO,2020-03-30,4,4,4,4,4,1
HIDALGO,2020-03-31,4,4,4,4,4,1
HIDALGO,2020-04-01,5,4,5,5,5,1
HIDALGO,2020-04-02,5,5,5,5,5,1
HIDALGO,2020-04-03,5,5,6,5,5,1
HIDALGO,2020-04-04,6,5,6,6,6,1
HIDALGO,2020-04-05,7,6,7,7,7,1
HIDALGO,2020-04-06,7,7,8,7,7,1
HIDALGO,2020-04-07,8,8,9,8,8,1
HIDALGO,2020-04-08,9,9,10,9,9,1
HIDALGO,2020-04-09,11,10,11,11,11,1
HIDALGO,2020-04-10,12,11,12,12,12,1
HIDALGO,2020-04-11,13,12,13,13,13,1
HIDALGO,2020-04-12,14,14,15,14,14,1
HIDALGO,2020-04-13,15,15,16,15,15,1
HIDALGO,2020-04-14,17,16,17,17,17,1
HIDALGO,2020-04-15,18,17,18,18,18,1
HIDALGO,2020-04-16,19,18,19,19,19,1
HIDALGO,2020-04-17,20,20,21,20,20,1
HIDALGO,2020-04-18,21,21,22,21,21,1
HIDALGO,2020-04-19,23,22,23,23,23,1
HIDALGO,2020-04-20,24,23,24,24,24,1
HIDALGO,2020-04-21,25,24,26,25,25,1
HIDALGO,2020-04-22,26,26,27,26,26,1
HIDALGO,2020-04-23,28,27,29,28,28,1
HIDALGO,2020-04-24,29,28,30,29,29,0.99
HIDALGO,2020-04-25,31,30,32,30,31,0.99
HIDALGO,2020-04-26,33,32,34,32,33,0.99
HIDALGO,2020-04-27,35,34,36,34,35,0.99
HIDALGO,2020-04-28,37,36,38,36,37,0.99
HIDALGO,2020-04-29,39,38,41,38,39,0.98
HIDALGO,2020-04-30,41,39,42,40,41,0.98
HIDALGO,2020-05-01,42,41,44,41,42,0.97
HIDALGO,2020-05-02,44,42,46,43,44,0.96
HIDALGO,2020-05-03,46,44,48,45,46,0.96
HIDALGO,2020-05-04,48,46,51,46,48,0.94
HIDALGO,2020-05-05,50,47,53,49,51,0.93
HIDALGO,2020-05-06,53,49,56,51,53,0.92
HIDALGO,2020-05-07,55,51,59,52,55,0.9
HIDALGO,2020-05-08,57,53,62,55,58,0.87
HIDALGO,2020-05-09,59,54,64,56,60,0.85
HIDALGO,2020-05-10,60,53,65,57,61,0.81
HIDALGO,2020-05-11,61,53,67,57,62,0.78
HIDALGO,2020-05-12,62,55,70,58,64,0.73
HIDALGO,2020-05-13,64,55,72,59,66,0.68
HIDALGO,2020-05-14,66,56,75,60,68,0.62
HIDALGO,2020-05-15,67,56,79,60,69,0.55
HIDALGO,2020-05-16,69,55,83,61,72,0.47
HIDALGO,2020-05-17,74,57,91,63,77,0.39
HIDALGO,2020-05-18,82,58,101,69,87,0.3
JALISCO,2020-03-14,1,1,1,1,1,1
JALISCO,2020-03-15,1,1,1,1,1,1
JALISCO,2020-03-16,1,1,1,1,1,1
JALISCO,2020-03-17,1,1,1,1,1,1
JALISCO,2020-03-18,1,1,1,1,1,1
JALISCO,2020-03-19,2,1,2,2,2,1
JALISCO,2020-03-20,2,2,2,2,2,1
JALISCO,2020-03-21,2,2,3,2,2,1
JALISCO,2020-03-22,3,3,3,3,3,1
JALISCO,2020-03-23,3,3,4,3,3,1
JALISCO,2020-03-24,4,4,4,4,4,1
JALISCO,2020-03-25,4,4,4,4,4,1
JALISCO,2020-03-26,5,5,5,5,5,1
JALISCO,2020-03-27,5,5,5,5,5,1
JALISCO,2020-03-28,5,5,5,5,5,1
JALISCO,2020-03-29,5,5,5,5,5,1
JALISCO,2020-03-30,5,5,5,5,5,1
JALISCO,2020-03-31,6,6,6,6,6,1
JALISCO,2020-04-01,6,6,6,6,6,1
JALISCO,2020-04-02,6,6,6,6,6,1
JALISCO,2020-04-03,7,6,7,7,7,1
JALISCO,2020-04-04,7,7,7,7,7,1
JALISCO,2020-04-05,8,8,8,8,8,1
JALISCO,2020-04-06,8,8,9,8,8,1
JALISCO,2020-04-07,9,9,9,9,9,1
JALISCO,2020-04-08,10,9,10,10,10,1
JALISCO,2020-04-09,11,10,11,11,11,1
JALISCO,2020-04-10,11,11,12,11,11,1
JALISCO,2020-04-11,12,12,12,12,12,1
JALISCO,2020-04-12,13,13,13,13,13,1
JALISCO,2020-04-13,14,14,14,14,14,1
JALISCO,2020-04-14,15,15,15,15,15,1
JALISCO,2020-04-15,16,15,16,16,16,1
JALISCO,2020-04-16,17,16,17,17,17,1
JALISCO,2020-04-17,17,17,18,17,17,1
JALISCO,2020-04-18,19,18,19,19,19,1
JALISCO,2020-04-19,20,19,20,20,20,1
JALISCO,2020-04-20,21,21,22,21,21,1
JALISCO,2020-04-21,22,22,23,22,22,1
JALISCO,2020-04-22,24,23,24,24,24,1
JALISCO,2020-04-23,25,24,25,25,25,1
JALISCO,2020-04-24,26,26,27,26,26,0.99
JALISCO,2020-04-25,27,27,28,27,27,0.99
JALISCO,2020-04-26,28,28,29,28,28,0.99
JALISCO,2020-04-27,29,29,30,29,29,0.99
JALISCO,2020-04-28,30,30,31,30,30,0.99
JALISCO,2020-04-29,31,30,33,31,31,0.98
JALISCO,2020-04-30,32,31,34,31,32,0.98
JALISCO,2020-05-01,34,32,35,33,34,0.97
JALISCO,2020-05-02,35,34,37,34,35,0.96
JALISCO,2020-05-03,36,35,38,35,36,0.96
JALISCO,2020-05-04,37,35,39,36,37,0.94
JALISCO,2020-05-05,39,36,41,37,39,0.93
JALISCO,2020-05-06,41,38,44,39,41,0.92
JALISCO,2020-05-07,42,39,46,41,43,0.9
JALISCO,2020-05-08,43,39,47,41,44,0.87
JALISCO,2020-05-09,45,40,49,43,46,0.85
JALISCO,2020-05-10,47,41,52,44,48,0.81
JALISCO,2020-05-11,50,43,55,45,50,0.78
JALISCO,2020-05-12,52,44,58,48,53,0.73
JALISCO,2020-05-13,53,44,61,50,56,0.68
JALISCO,2020-05-14,55,45,64,48,56,0.62
JALISCO,2020-05-15,57,47,68,51,59,0.55
JALISCO,2020-05-16,58,46,71,50,60,0.47
JALISCO,2020-05-17,60,42,73,49,62,0.39
JALISCO,2020-05-18,62,45,83,52,67,0.3
MEXICO,2020-03-04,1,1,1,1,1,1
MEXICO,2020-03-05,1,1,1,1,1,1
MEXICO,2020-03-06,1,1,1,1,1,1
MEXICO,2020-03-07,1,1,1,1,1,1
MEXICO,2020-03-08,1,1,1,1,1,1
MEXICO,2020-03-09,1,1,2,1,1,1
MEXICO,2020-03-10,2,1,2,2,2,1
MEXICO,2020-03-11,2,2,3,2,2,1
MEXICO,2020-03-12,3,3,4,3,3,1
MEXICO,2020-03-13,4,3,4,4,4,1
MEXICO,2020-03-14,5,4,6,5,5,1
MEXICO,2020-03-15,6,5,7,6,6,1
MEXICO,2020-03-16,8,7,9,7,8,1
MEXICO,2020-03-17,9,8,10,8,9,1
MEXICO,2020-03-18,11,10,13,10,11,1
MEXICO,2020-03-19,14,12,15,13,14,1
MEXICO,2020-03-20,17,15,19,16,17,1
MEXICO,2020-03-21,20,18,22,20,21,1
MEXICO,2020-03-22,24,22,26,24,25,1
MEXICO,2020-03-23,29,27,31,27,29,1
MEXICO,2020-03-24,34,31,36,32,34,1
MEXICO,2020-03-25,40,37,42,38,40,1
MEXICO,2020-03-26,46,43,48,44,46,1
MEXICO,2020-03-27,52,50,55,51,53,1
MEXICO,2020-03-28,59,57,61,57,59,1
MEXICO,2020-03-29,65,63,67,64,65,1
MEXICO,2020-03-30,70,68,72,69,70,1
MEXICO,2020-03-31,74,72,76,74,75,1
MEXICO,2020-04-01,78,75,80,76,78,1
MEXICO,2020-04-02,81,78,84,80,82,1
MEXICO,2020-04-03,86,83,89,85,87,1
MEXICO,2020-04-04,92,88,95,89,92,1
MEXICO,2020-04-05,99,94,102,96,99,1
MEXICO,2020-04-06,106,101,110,104,107,1
MEXICO,2020-04-07,116,111,120,114,117,1
MEXICO,2020-04-08,126,121,130,125,128,1
MEXICO,2020-04-09,137,132,141,135,138,1
MEXICO,2020-04-10,148,143,152,146,149,1
MEXICO,2020-04-11,159,154,163,157,160,1
MEXICO,2020-04-12,171,166,175,169,172,1
MEXICO,2020-04-13,182,178,186,180,183,1
MEXICO,2020-04-14,194,189,197,192,195,1
MEXICO,2020-04-15,205,201,208,202,205,1
MEXICO,2020-04-16,215,212,218,214,216,1
MEXICO,2020-04-17,222,219,225,221,223,1
MEXICO,2020-04-18,228,225,232,226,229,1
MEXICO,2020-04-19,235,232,239,233,236,1
MEXICO,2020-04-20,242,237,246,240,243,1
MEXICO,2020-04-21,252,247,256,250,253,1
MEXICO,2020-04-22,266,261,269,263,266,1
MEXICO,2020-04-23,277,273,280,274,277,1
MEXICO,2020-04-24,284,280,288,282,285,0.99
MEXICO,2020-04-25,293,290,297,291,294,0.99
MEXICO,2020-04-26,299,295,303,297,300,0.99
MEXICO,2020-04-27,306,302,311,303,307,0.99
MEXICO,2020-04-28,315,310,319,314,317,0.99
MEXICO,2020-04-29,322,317,327,318,322,0.98
MEXICO,2020-04-30,329,324,334,326,330,0.98
MEXICO,2020-05-01,337,331,343,335,339,0.97
MEXICO,2020-05-02,340,333,346,336,341,0.96
MEXICO,2020-05-03,344,335,350,339,345,0.96
MEXICO,2020-05-04,353,344,362,347,354,0.94
MEXICO,2020-05-05,366,356,376,359,367,0.93
MEXICO,2020-05-06,381,370,391,374,383,0.92
MEXICO,2020-05-07,396,384,408,390,399,0.9
MEXICO,2020-05-08,407,392,419,399,410,0.87
MEXICO,2020-05-09,420,403,435,414,426,0.85
MEXICO,2020-05-10,434,417,452,426,440,0.81
MEXICO,2020-05-11,455,435,475,443,459,0.78
MEXICO,2020-05-12,480,458,503,470,487,0.73
MEXICO,2020-05-13,505,477,530,495,515,0.68
MEXICO,2020-05-14,532,503,561,514,539,0.62
MEXICO,2020-05-15,564,527,598,547,576,0.55
MEXICO,2020-05-16,611,565,657,592,630,0.47
MEXICO,2020-05-17,662,608,712,639,680,0.39
MEXICO,2020-05-18,723.5,655,793,694,751,0.3
MICHOACAN,2020-03-18,1,1,1,1,1,1
MICHOACAN,2020-03-19,1,1,1,1,1,1
MICHOACAN,2020-03-20,1,1,1,1,1,1
MICHOACAN,2020-03-21,1,1,1,1,1,1
MICHOACAN,2020-03-22,1,1,2,1,1,1
MICHOACAN,2020-03-23,2,2,2,2,2,1
MICHOACAN,2020-03-24,2,2,2,2,2,1
MICHOACAN,2020-03-25,3,2,3,3,3,1
MICHOACAN,2020-03-26,3,3,3,3,3,1
MICHOACAN,2020-03-27,4,3,4,4,4,1
MICHOACAN,2020-03-28,4,4,4,4,4,1
MICHOACAN,2020-03-29,5,5,5,5,5,1
MICHOACAN,2020-03-30,5,5,6,5,5,1
MICHOACAN,2020-03-31,6,6,6,6,6,1
MICHOACAN,2020-04-01,6,6,7,6,6,1
MICHOACAN,2020-04-02,7,7,7,7,7,1
MICHOACAN,2020-04-03,8,8,8,8,8,1
MICHOACAN,2020-04-04,9,8,9,9,9,1
MICHOACAN,2020-04-05,9,9,10,9,9,1
MICHOACAN,2020-04-06,10,10,10,10,10,1
MICHOACAN,2020-04-07,11,11,11,11,11,1
MICHOACAN,2020-04-08,12,11,12,12,12,1
MICHOACAN,2020-04-09,13,13,13,13,13,1
MICHOACAN,2020-04-10,14,13,14,14,14,1
MICHOACAN,2020-04-11,15,14,15,15,15,1
MICHOACAN,2020-04-12,15,15,16,15,15,1
MICHOACAN,2020-04-13,16,16,17,16,16,1
MICHOACAN,2020-04-14,17,17,18,17,17,1
MICHOACAN,2020-04-15,19,18,19,19,19,1
MICHOACAN,2020-04-16,20,19,20,20,20,1
MICHOACAN,2020-04-17,21,21,22,21,21,1
MICHOACAN,2020-04-18,23,22,23,23,23,1
MICHOACAN,2020-04-19,24,23,24,24,24,1
MICHOACAN,2020-04-20,25,25,26,25,25,1
MICHOACAN,2020-04-21,27,26,27,27,27,1
MICHOACAN,2020-04-22,28,27,28,28,28,1
MICHOACAN,2020-04-23,28,28,29,28,28,1
MICHOACAN,2020-04-24,29,28,30,29,29,0.99
MICHOACAN,2020-04-25,30,29,31,29,30,0.99
MICHOACAN,2020-04-26,31,30,32,30,31,0.99
MICHOACAN,2020-04-27,33,32,35,32,33,0.99
MICHOACAN,2020-04-28,36,35,38,35,36,0.99
MICHOACAN,2020-04-29,40,38,41,39,40,0.98
MICHOACAN,2020-04-30,42,41,44,41,42,0.98
MICHOACAN,2020-05-01,45,43,47,44,45,0.97
MICHOACAN,2020-05-02,46,45,49,46,47,0.96
MICHOACAN,2020-05-03,49,46,51,47,49,0.96
MICHOACAN,2020-05-04,51,48,54,50,52,0.94
MICHOACAN,2020-05-05,55,52,58,53,55,0.93
MICHOACAN,2020-05-06,59,55,62,56,59,0.92
MICHOACAN,2020-05-07,62,59,67,60,63,0.9
MICHOACAN,2020-05-08,65,60,69,61,65,0.87
MICHOACAN,2020-05-09,66,60,71,63,67,0.85
MICHOACAN,2020-05-10,68,62,74,64,69,0.81
MICHOACAN,2020-05-11,69,62,76,64,70,0.78
MICHOACAN,2020-05-12,70,63,79,66,72,0.73
MICHOACAN,2020-05-13,73,63,82,65,73,0.68
MICHOACAN,2020-05-14,75,63,85,70,78,0.62
MICHOACAN,2020-05-15,76,63,88,68,78,0.55
MICHOACAN,2020-05-16,78,63,92,68,80,0.47
MICHOACAN,2020-05-17,81,64,101,69,84,0.39
MICHOACAN,2020-05-18,86,62,107,71,90,0.3
MORELOS,2020-03-17,1,1,1,1,1,1
MORELOS,2020-03-18,1,1,1,1,1,1
MORELOS,2020-03-19,1,1,1,1,1,1
MORELOS,2020-03-20,1,1,1,1,1,1
MORELOS,2020-03-21,1,1,1,1,1,1
MORELOS,2020-03-22,2,1,2,2,2,1
MORELOS,2020-03-23,2,2,2,2,2,1
MORELOS,2020-03-24,2,2,2,2,2,1
MORELOS,2020-03-25,3,3,3,3,3,1
MORELOS,2020-03-26,3,3,3,3,3,1
MORELOS,2020-03-27,4,4,4,4,4,1
MORELOS,2020-03-28,4,4,4,4,4,1
MORELOS,2020-03-29,5,4,5,5,5,1
MORELOS,2020-03-30,5,5,5,5,5,1
MORELOS,2020-03-31,6,5,6,6,6,1
MORELOS,2020-04-01,6,6,6,6,6,1
MORELOS,2020-04-02,7,6,7,7,7,1
MORELOS,2020-04-03,7,7,8,7,7,1
MORELOS,2020-04-04,8,7,8,8,8,1
MORELOS,2020-04-05,9,8,9,9,9,1
MORELOS,2020-04-06,10,9,10,10,10,1
MORELOS,2020-04-07,11,10,11,11,11,1
MORELOS,2020-04-08,12,11,13,12,12,1
MORELOS,2020-04-09,13,13,14,13,13,1
MORELOS,2020-04-10,15,14,16,15,15,1
MORELOS,2020-04-11,17,16,18,17,17,1
MORELOS,2020-04-12,19,18,20,19,19,1
MORELOS,2020-04-13,21,20,22,21,21,1
MORELOS,2020-04-14,23,22,24,22,23,1
MORELOS,2020-04-15,26,25,27,26,26,1
MORELOS,2020-04-16,29,28,30,29,29,1
MORELOS,2020-04-17,32,31,33,32,32,1
MORELOS,2020-04-18,34,34,35,34,34,1
MORELOS,2020-04-19,37,36,37,36,37,1
MORELOS,2020-04-20,39,38,39,39,39,1
MORELOS,2020-04-21,41,40,41,41,41,1
MORELOS,2020-04-22,43,42,43,42,43,1
MORELOS,2020-04-23,44,44,45,44,44,1
MORELOS,2020-04-24,44,44,45,44,44,0.99
MORELOS,2020-04-25,44,44,45,44,44,0.99
MORELOS,2020-04-26,44,43,45,44,44,0.99
MORELOS,2020-04-27,44,43,45,43,44,0.99
MORELOS,2020-04-28,43,42,45,42,43,0.99
MORELOS,2020-04-29,43,41,44,42,43,0.98
MORELOS,2020-04-30,40,39,42,39,40,0.98
MORELOS,2020-05-01,39,37,40,38,39,0.97
MORELOS,2020-05-02,37,35,39,36,37,0.96
MORELOS,2020-05-03,35,33,37,34,35,0.96
MORELOS,2020-05-04,33,31,35,33,34,0.94
MORELOS,2020-05-05,32,30,35,30,32,0.93
MORELOS,2020-05-06,32,29,34,30,32,0.92
MORELOS,2020-05-07,30,27,33,29,31,0.9
MORELOS,2020-05-08,28,25,31,26,28,0.87
MORELOS,2020-05-09,26,22,29,25,27,0.85
MORELOS,2020-05-10,24,20,27,21,24,0.81
MORELOS,2020-05-11,23,19,27,21,24,0.78
MORELOS,2020-05-12,24,19,28,20,24,0.73
MORELOS,2020-05-13,23,18,28,20,24,0.68
MORELOS,2020-05-14,25,19,32,21,26,0.62
MORELOS,2020-05-15,27,20,35,23,29,0.55
MORELOS,2020-05-16,27,18,36,23,29,0.47
MORELOS,2020-05-17,27,17,39,21,29,0.39
MORELOS,2020-05-18,29,17,44,20,31,0.3
NACIONAL,2020-02-20,1,1,1,1,1,1
NACIONAL,2020-02-21,1,1,1,1,1,1
NACIONAL,2020-02-22,1,1,1,1,1,1
NACIONAL,2020-02-23,1,1,1,1,1,1
NACIONAL,2020-02-24,1,1,1,1,1,1
NACIONAL,2020-02-25,1,1,1,1,1,1
NACIONAL,2020-02-26,1,1,2,1,1,1
NACIONAL,2020-02-27,2,1,3,2,2,1
NACIONAL,2020-02-28,3,2,3,2,3,1
NACIONAL,2020-02-29,3,2,4,3,3,1
NACIONAL,2020-03-01,4,3,5,3,4,1
NACIONAL,2020-03-02,6,4,7,5,6,1
NACIONAL,2020-03-03,7,6,9,6,7,1
NACIONAL,2020-03-04,9,7,11,8,9,1
NACIONAL,2020-03-05,11,8,13,9,11,1
NACIONAL,2020-03-06,14,11,17,12,14,1
NACIONAL,2020-03-07,17,14,21,15,18,1
NACIONAL,2020-03-08,22,17,25,19,22,1
NACIONAL,2020-03-09,27,23,32,23,27,1
NACIONAL,2020-03-10,33,27,38,31,35,1
NACIONAL,2020-03-11,41,35,47,37,42,1
NACIONAL,2020-03-12,50,43,57,45,51,1
NACIONAL,2020-03-13,61,53,69,58,64,1
NACIONAL,2020-03-14,74,65,83,70,77,1
NACIONAL,2020-03-15,89,79,99,85,93,1
NACIONAL,2020-03-16,108,96,118,101,110,1
NACIONAL,2020-03-17,128,116,140,121,131,1
NACIONAL,2020-03-18,152,140,165,147,157,1
NACIONAL,2020-03-19,179,165,191,171,182,1
NACIONAL,2020-03-20,209,196,222,201,212,1
NACIONAL,2020-03-21,241,228,253,236,246,1
NACIONAL,2020-03-22,274,262,285,270,279,1
NACIONAL,2020-03-23,307,298,318,303,311,1
NACIONAL,2020-03-24,338,329,346,332,339,1
NACIONAL,2020-03-25,362,356,369,359,364,1
NACIONAL,2020-03-26,377,369,382,373,378,1
NACIONAL,2020-03-27,378,370,386,374,380,1
NACIONAL,2020-03-28,372,359,386,364,375,1
NACIONAL,2020-03-29,403,389,416,396,407,1
NACIONAL,2020-03-30,431,418,444,423,434,1
NACIONAL,2020-03-31,457,445,472,451,462,1
NACIONAL,2020-04-01,482,467,497,475,487,1
NACIONAL,2020-04-02,508,492,524,502,515,1
NACIONAL,2020-04-03,538,517,553,527,542,0.99
NACIONAL,2020-04-04,571.5,552,590,563,578,0.99
NACIONAL,2020-04-05,610,592,631,603,619,0.99
NACIONAL,2020-04-06,649,629,670,641,658,0.99
NACIONAL,2020-04-07,694,672,715,682,700,0.99
NACIONAL,2020-04-08,742,720,764,731,749,0.98
NACIONAL,2020-04-09,794,773,817,779,798,0.98
NACIONAL,2020-04-10,847,824,868,836,853,0.97
NACIONAL,2020-04-11,901,880,922,889,906,0.96
NACIONAL,2020-04-12,953,932,974,941,958,0.96
NACIONAL,2020-04-13,1001,978,1020,991,1008,0.94
NACIONAL,2020-04-14,1048,1027,1068,1032,1050,0.93
NACIONAL,2020-04-15,1094,1071,1114,1082,1099,0.92
NACIONAL,2020-04-16,1139,1115,1158,1129,1146,0.9
NACIONAL,2020-04-17,1172,1148,1195,1158,1177,0.87
NACIONAL,2020-04-18,1195,1167,1221,1180,1200,0.85
NACIONAL,2020-04-19,1223,1193,1253,1213,1236,0.81
NACIONAL,2020-04-20,1262,1225,1294,1250,1277,0.78
NACIONAL,2020-04-21,1314,1271,1350,1295,1324,0.73
NACIONAL,2020-04-22,1374,1332,1415,1354,1389,0.68
NACIONAL,2020-04-23,1424.5,1372,1469,1399,1440,0.62
NACIONAL,2020-04-24,1465,1405,1518,1443,1485,0.55
NACIONAL,2020-04-25,1506.5,1440,1575,1483,1536,0.47
NACIONAL,2020-04-26,1533,1450,1614,1497,1565,0.39
NACIONAL,2020-04-27,1574,1478,1673,1525,1604,0.3
NAYARIT,2020-03-24,1,1,1,1,1,1
NAYARIT,2020-03-25,1,1,1,1,1,1
NAYARIT,2020-03-26,1,1,1,1,1,1
NAYARIT,2020-03-27,1,1,1,1,1,1
NAYARIT,2020-03-28,1,1,1,1,1,1
NAYARIT,2020-03-29,1,1,1,1,1,1
NAYARIT,2020-03-30,2,2,2,2,2,1
NAYARIT,2020-03-31,2,2,2,2,2,1
NAYARIT,2020-04-01,2,2,2,2,2,1
NAYARIT,2020-04-02,2,2,2,2,2,1
NAYARIT,2020-04-03,2,2,2,2,2,0.99
NAYARIT,2020-04-04,2,2,2,2,2,0.99
NAYARIT,2020-04-05,2,2,2,2,2,0.99
NAYARIT,2020-04-06,2,2,2,2,2,0.99
NAYARIT,2020-04-07,2,2,3,2,2,0.99
NAYARIT,2020-04-08,3,2,3,3,3,0.98
NAYARIT,2020-04-09,3,3,3,3,3,0.98
NAYARIT,2020-04-10,3,3,4,3,3,0.97
NAYARIT,2020-04-11,3,3,4,3,3,0.96
NAYARIT,2020-04-12,4,3,5,4,4,0.96
NAYARIT,2020-04-13,4,4,5,4,4,0.94
NAYARIT,2020-04-14,4,4,5,4,4,0.93
NAYARIT,2020-04-15,4,4,5,4,4,0.92
NAYARIT,2020-04-16,5,5,7,5,5,0.9
NAYARIT,2020-04-17,6,5,7,5,6,0.87
NAYARIT,2020-04-18,6,5,8,5,6,0.85
NAYARIT,2020-04-19,6,5,8,5,6,0.81
NAYARIT,2020-04-20,8,6,10,6,8,0.78
NAYARIT,2020-04-21,8,6,11,6,8,0.73
NAYARIT,2020-04-22,9,6,12,7,9,0.68
NAYARIT,2020-04-23,10,6,14,7,10,0.62
NAYARIT,2020-04-24,11,6,16,7,11,0.55
NAYARIT,2020-04-25,11,6,17,9,13,0.47
NAYARIT,2020-04-26,11,4,17,6,11,0.39
NAYARIT,2020-04-27,12,4,21,6,13,0.3
NUEVO LEON,2020-03-16,1,1,1,1,1,1
NUEVO LEON,2020-03-17,1,1,1,1,1,1
NUEVO LEON,2020-03-18,1,1,1,1,1,1
NUEVO LEON,2020-03-19,1,1,1,1,1,1
NUEVO LEON,2020-03-20,1,1,1,1,1,1
NUEVO LEON,2020-03-21,1,1,2,1,1,1
NUEVO LEON,2020-03-22,2,2,2,2,2,1
NUEVO LEON,2020-03-23,2,2,2,2,2,1
NUEVO LEON,2020-03-24,3,2,3,3,3,1
NUEVO LEON,2020-03-25,3,3,3,3,3,1
NUEVO LEON,2020-03-26,4,3,4,4,4,1
NUEVO LEON,2020-03-27,4,4,4,4,4,1
NUEVO LEON,2020-03-28,5,4,5,5,5,1
NUEVO LEON,2020-03-29,5,5,5,5,5,1
NUEVO LEON,2020-03-30,6,5,6,6,6,1
NUEVO LEON,2020-03-31,6,6,6,6,6,1
NUEVO LEON,2020-04-01,7,7,7,7,7,1
NUEVO LEON,2020-04-02,8,7,8,8,8,1
NUEVO LEON,2020-04-03,8,8,8,8,8,0.99
NUEVO LEON,2020-04-04,9,8,9,9,9,0.99
NUEVO LEON,2020-04-05,9,9,10,9,9,0.99
NUEVO LEON,2020-04-06,10,10,11,10,10,0.99
NUEVO LEON,2020-04-07,11,10,11,10,11,0.99
NUEVO LEON,2020-04-08,11,11,12,11,11,0.98
NUEVO LEON,2020-04-09,12,12,13,12,12,0.98
NUEVO LEON,2020-04-10,12,12,14,12,12,0.97
NUEVO LEON,2020-04-11,13,13,15,13,13,0.96
NUEVO LEON,2020-04-12,14,14,16,13,14,0.96
NUEVO LEON,2020-04-13,15,14,17,14,15,0.94
NUEVO LEON,2020-04-14,16,15,18,15,16,0.93
NUEVO LEON,2020-04-15,16,15,18,15,16,0.92
NUEVO LEON,2020-04-16,18,16,20,17,18,0.9
NUEVO LEON,2020-04-17,18,16,21,16,18,0.87
NUEVO LEON,2020-04-18,18,15,21,16,18,0.85
NUEVO LEON,2020-04-19,18,15,21,16,18,0.81
NUEVO LEON,2020-04-20,21,17,24,18,21,0.78
NUEVO LEON,2020-04-21,22,18,27,21,24,0.73
NUEVO LEON,2020-04-22,25,19,30,21,25,0.68
NUEVO LEON,2020-04-23,27,20,33,23,28,0.62
NUEVO LEON,2020-04-24,29,20,36,24,30,0.55
NUEVO LEON,2020-04-25,31,20,39,24,32,0.47
NUEVO LEON,2020-04-26,31,20,42,24,33,0.39
NUEVO LEON,2020-04-27,32,20,47,25,35,0.3
OAXACA,2020-03-21,1,1,1,1,1,1
OAXACA,2020-03-22,1,1,1,1,1,1
OAXACA,2020-03-23,1,1,1,1,1,1
OAXACA,2020-03-24,1,1,1,1,1,1
OAXACA,2020-03-25,1,1,1,1,1,1
OAXACA,2020-03-26,1,1,2,1,1,1
OAXACA,2020-03-27,2,2,2,2,2,1
OAXACA,2020-03-28,2,2,2,2,2,1
OAXACA,2020-03-29,2,2,2,2,2,1
OAXACA,2020-03-30,2,2,3,2,2,1
OAXACA,2020-03-31,3,3,3,3,3,1
OAXACA,2020-04-01,3,3,3,3,3,1
OAXACA,2020-04-02,2,2,3,2,2,1
OAXACA,2020-04-03,2,2,3,2,2,0.99
OAXACA,2020-04-04,3,3,3,3,3,0.99
OAXACA,2020-04-05,3,3,3,3,3,0.99
OAXACA,2020-04-06,3,3,4,3,3,0.99
OAXACA,2020-04-07,4,4,4,4,4,0.99
OAXACA,2020-04-08,4,4,4,4,4,0.98
OAXACA,2020-04-09,5,5,6,5,5,0.98
OAXACA,2020-04-10,5,5,6,5,5,0.97
OAXACA,2020-04-11,5,5,6,5,5,0.96
OAXACA,2020-04-12,5,5,7,5,5,0.96
OAXACA,2020-04-13,6,6,7,6,6,0.94
OAXACA,2020-04-14,6,6,8,6,6,0.93
OAXACA,2020-04-15,6,6,8,6,6,0.92
OAXACA,2020-04-16,7,6,9,6,7,0.9
OAXACA,2020-04-17,8,7,10,7,8,0.87
OAXACA,2020-04-18,8,7,10,7,8,0.85
OAXACA,2020-04-19,8,7,11,7,8,0.81
OAXACA,2020-04-20,9,6,11,7,9,0.78
OAXACA,2020-04-21,8,6,11,6,8,0.73
OAXACA,2020-04-22,9,6,12,7,9,0.68
OAXACA,2020-04-23,10,6,14,7,10,0.62
OAXACA,2020-04-24,10,6,15,8,11,0.55
OAXACA,2020-04-25,11,6,17,8,12,0.47
OAXACA,2020-04-26,11,5,18,7,12,0.39
OAXACA,2020-04-27,11,4,20,6,12,0.3
PUEBLA,2020-03-10,1,1,1,1,1,1
PUEBLA,2020-03-11,1,1,1,1,1,1
PUEBLA,2020-03-12,1,1,1,1,1,1
PUEBLA,2020-03-13,1,1,1,1,1,1
PUEBLA,2020-03-14,1,1,1,1,1,1
PUEBLA,2020-03-15,2,1,2,2,2,1
PUEBLA,2020-03-16,2,2,2,2,2,1
PUEBLA,2020-03-17,3,2,3,3,3,1
PUEBLA,2020-03-18,3,3,4,3,3,1
PUEBLA,2020-03-19,4,4,4,4,4,1
PUEBLA,2020-03-20,5,4,5,5,5,1
PUEBLA,2020-03-21,6,5,6,6,6,1
PUEBLA,2020-03-22,7,6,7,7,7,1
PUEBLA,2020-03-23,8,8,9,8,8,1
PUEBLA,2020-03-24,10,9,10,10,10,1
PUEBLA,2020-03-25,11,11,11,11,11,1
PUEBLA,2020-03-26,12,12,13,12,12,1
PUEBLA,2020-03-27,14,13,14,14,14,1
PUEBLA,2020-03-28,15,14,15,15,15,1
PUEBLA,2020-03-29,15,15,15,15,15,1
PUEBLA,2020-03-30,16,15,16,16,16,1
PUEBLA,2020-03-31,16,15,16,16,16,1
PUEBLA,2020-04-01,16,15,16,16,16,1
PUEBLA,2020-04-02,16,16,16,16,16,1
PUEBLA,2020-04-03,16,16,17,16,16,0.99
PUEBLA,2020-04-04,17,17,18,17,17,0.99
PUEBLA,2020-04-05,17,17,18,17,17,0.99
PUEBLA,2020-04-06,17,17,18,17,17,0.99
PUEBLA,2020-04-07,18,17,19,17,18,0.99
PUEBLA,2020-04-08,19,18,20,18,19,0.98
PUEBLA,2020-04-09,20,19,21,19,20,0.98
PUEBLA,2020-04-10,22,21,23,21,22,0.97
PUEBLA,2020-04-11,23,22,25,22,23,0.96
PUEBLA,2020-04-12,25,24,27,24,25,0.96
PUEBLA,2020-04-13,27,25,29,26,27,0.94
PUEBLA,2020-04-14,29,27,31,28,29,0.93
PUEBLA,2020-04-15,31,28,33,29,31,0.92
PUEBLA,2020-04-16,33,30,36,32,34,0.9
PUEBLA,2020-04-17,35,31,38,34,36,0.87
PUEBLA,2020-04-18,37,33,41,34,37,0.85
PUEBLA,2020-04-19,38,33,42,34,38,0.81
PUEBLA,2020-04-20,39,33,44,35,39,0.78
PUEBLA,2020-04-21,40,34,46,36,41,0.73
PUEBLA,2020-04-22,42,34,48,37,43,0.68
PUEBLA,2020-04-23,42,33,50,40,46,0.62
PUEBLA,2020-04-24,44,34,54,38,46,0.55
PUEBLA,2020-04-25,46,33,56,39,48,0.47
PUEBLA,2020-04-26,46,31,59,41,52,0.39
PUEBLA,2020-04-27,44,27,61,32,46,0.3
QUERETARO,2020-03-19,1,1,1,1,1,1
QUERETARO,2020-03-20,1,1,1,1,1,1
QUERETARO,2020-03-21,1,1,1,1,1,1
QUERETARO,2020-03-22,1,1,1,1,1,1
QUERETARO,2020-03-23,1,1,1,1,1,1
QUERETARO,2020-03-24,2,1,2,2,2,1
QUERETARO,2020-03-25,2,2,2,2,2,1
QUERETARO,2020-03-26,2,2,2,2,2,1
QUERETARO,2020-03-27,2,2,2,2,2,1
QUERETARO,2020-03-28,3,2,3,3,3,1
QUERETARO,2020-03-29,3,3,3,3,3,1
QUERETARO,2020-03-30,3,3,3,3,3,1
QUERETARO,2020-03-31,3,3,3,3,3,1
QUERETARO,2020-04-01,3,3,3,3,3,1
QUERETARO,2020-04-02,3,3,3,3,3,1
QUERETARO,2020-04-03,3,3,3,3,3,0.99
QUERETARO,2020-04-04,3,3,3,3,3,0.99
QUERETARO,2020-04-05,3,3,3,3,3,0.99
QUERETARO,2020-04-06,3,3,3,3,3,0.99
QUERETARO,2020-04-07,3,3,3,3,3,0.99
QUERETARO,2020-04-08,3,3,4,3,3,0.98
QUERETARO,2020-04-09,4,4,5,4,4,0.98
QUERETARO,2020-04-10,4,4,5,4,4,0.97
QUERETARO,2020-04-11,4,4,5,4,4,0.96
QUERETARO,2020-04-12,4,4,5,4,4,0.96
QUERETARO,2020-04-13,4,4,5,4,4,0.94
QUERETARO,2020-04-14,4,4,5,4,4,0.93
QUERETARO,2020-04-15,5,5,7,5,5,0.92
QUERETARO,2020-04-16,5,5,7,5,5,0.9
QUERETARO,2020-04-17,6,5,7,5,6,0.87
QUERETARO,2020-04-18,6,5,8,5,6,0.85
QUERETARO,2020-04-19,6,5,8,5,6,0.81
QUERETARO,2020-04-20,6,4,8,5,6,0.78
QUERETARO,2020-04-21,6,4,8,5,6,0.73
QUERETARO,2020-04-22,6,4,9,4,6,0.68
QUERETARO,2020-04-23,7,4,10,5,7,0.62
QUERETARO,2020-04-24,7,4,12,5,8,0.55
QUERETARO,2020-04-25,7,3,12,4,7,0.47
QUERETARO,2020-04-26,8,3,14,4,8,0.39
QUERETARO,2020-04-27,8,2,15,3,8,0.3
QUINTANA ROO,2020-03-10,1,1,1,1,1,1
QUINTANA ROO,2020-03-11,1,1,1,1,1,1
QUINTANA ROO,2020-03-12,1,1,1,1,1,1
QUINTANA ROO,2020-03-13,1,1,1,1,1,1
QUINTANA ROO,2020-03-14,1,1,2,1,1,1
QUINTANA ROO,2020-03-15,2,2,2,2,2,1
QUINTANA ROO,2020-03-16,2,2,3,2,2,1
QUINTANA ROO,2020-03-17,3,3,3,3,3,1
QUINTANA ROO,2020-03-18,4,3,4,4,4,1
QUINTANA ROO,2020-03-19,4,4,5,4,4,1
QUINTANA ROO,2020-03-20,5,5,6,5,5,1
QUINTANA ROO,2020-03-21,6,6,7,6,6,1
QUINTANA ROO,2020-03-22,8,7,8,8,8,1
QUINTANA ROO,2020-03-23,9,9,10,9,9,1
QUINTANA ROO,2020-03-24,11,10,11,11,11,1
QUINTANA ROO,2020-03-25,12,12,13,12,12,1
QUINTANA ROO,2020-03-26,14,13,14,14,14,1
QUINTANA ROO,2020-03-27,15,15,16,15,15,1
QUINTANA ROO,2020-03-28,17,16,17,17,17,1
QUINTANA ROO,2020-03-29,18,17,18,18,18,1
QUINTANA ROO,2020-03-30,18,18,19,18,18,1
QUINTANA ROO,2020-03-31,19,19,19,19,19,1
QUINTANA ROO,2020-04-01,19,19,20,19,19,1
QUINTANA ROO,2020-04-02,19,19,20,19,19,1
QUINTANA ROO,2020-04-03,20,20,21,20,20,0.99
QUINTANA ROO,2020-04-04,21,21,22,21,21,0.99
QUINTANA ROO,2020-04-05,22,22,23,22,22,0.99
QUINTANA ROO,2020-04-06,23,22,24,23,23,0.99
QUINTANA ROO,2020-04-07,24,23,25,23,24,0.99
QUINTANA ROO,2020-04-08,26,25,27,25,26,0.98
QUINTANA ROO,2020-04-09,28,26,29,27,28,0.98
QUINTANA ROO,2020-04-10,30,29,32,29,30,0.97
QUINTANA ROO,2020-04-11,32,31,34,31,32,0.96
QUINTANA ROO,2020-04-12,35,33,37,34,35,0.96
QUINTANA ROO,2020-04-13,37,35,39,36,37,0.94
QUINTANA ROO,2020-04-14,39,36,41,37,39,0.93
QUINTANA ROO,2020-04-15,40,37,43,38,40,0.92
QUINTANA ROO,2020-04-16,41,37,44,39,41,0.9
QUINTANA ROO,2020-04-17,41,38,45,38,41,0.87
QUINTANA ROO,2020-04-18,42,38,46,39,42,0.85
QUINTANA ROO,2020-04-19,41,36,45,37,41,0.81
QUINTANA ROO,2020-04-20,40,34,45,37,41,0.78
QUINTANA ROO,2020-04-21,40,33,46,36,41,0.73
QUINTANA ROO,2020-04-22,39,31,45,35,40,0.68
QUINTANA ROO,2020-04-23,38,29,45,34,40,0.62
QUINTANA ROO,2020-04-24,37,28,46,32,38,0.55
QUINTANA ROO,2020-04-25,36,26,47,30,38,0.47
QUINTANA ROO,2020-04-26,32,20,43,25,34,0.39
QUINTANA ROO,2020-04-27,30,17,43,24,34,0.3
SAN LUIS POTOSI,2020-03-22,1,1,1,1,1,1
SAN LUIS POTOSI,2020-03-23,1,1,1,1,1,1
SAN LUIS POTOSI,2020-03-24,1,1,1,1,1,1
SAN LUIS POTOSI,2020-03-25,1,1,1,1,1,1
SAN LUIS POTOSI,2020-03-26,1,1,1,1,1,1
SAN LUIS POTOSI,2020-03-27,1,1,1,1,1,1
SAN LUIS POTOSI,2020-03-28,1,1,1,1,1,1
SAN LUIS POTOSI,2020-03-29,1,1,1,1,1,1
SAN LUIS POTOSI,2020-03-30,1,1,2,1,1,1
SAN LUIS POTOSI,2020-03-31,2,2,2,2,2,1
SAN LUIS POTOSI,2020-04-01,2,2,2,2,2,1
SAN LUIS POTOSI,2020-04-02,2,2,2,2,2,1
SAN LUIS POTOSI,2020-04-03,2,1,2,2,2,0.99
SAN LUIS POTOSI,2020-04-04,2,1,2,2,2,0.99
SAN LUIS POTOSI,2020-04-05,2,1,2,2,2,0.99
SAN LUIS POTOSI,2020-04-06,2,2,2,2,2,0.99
SAN LUIS POTOSI,2020-04-07,2,2,2,2,2,0.99
SAN LUIS POTOSI,2020-04-08,2,2,2,2,2,0.98
SAN LUIS POTOSI,2020-04-09,2,2,3,2,2,0.98
SAN LUIS POTOSI,2020-04-10,3,3,4,3,3,0.97
SAN LUIS POTOSI,2020-04-11,3,3,4,3,3,0.96
SAN LUIS POTOSI,2020-04-12,3,3,5,3,3,0.96
SAN LUIS POTOSI,2020-04-13,4,4,5,4,4,0.94
SAN LUIS POTOSI,2020-04-14,4,4,5,4,4,0.93
SAN LUIS POTOSI,2020-04-15,5,4,6,4,5,0.92
SAN LUIS POTOSI,2020-04-16,5,5,7,5,5,0.9
SAN LUIS POTOSI,2020-04-17,7,5,8,6,7,0.87
SAN LUIS POTOSI,2020-04-18,7,6,9,6,7,0.85
SAN LUIS POTOSI,2020-04-19,8,6,11,7,8,0.81
SAN LUIS POTOSI,2020-04-20,9,7,12,7,9,0.78
SAN LUIS POTOSI,2020-04-21,10,7,13,8,10,0.73
SAN LUIS POTOSI,2020-04-22,11,7,14,8,11,0.68
SAN LUIS POTOSI,2020-04-23,12,8,16,9,12,0.62
SAN LUIS POTOSI,2020-04-24,13,8,18,9,13,0.55
SAN LUIS POTOSI,2020-04-25,13,7,19,9,14,0.47
SAN LUIS POTOSI,2020-04-26,14,6,21,10,15,0.39
SAN LUIS POTOSI,2020-04-27,15,6,25,9,16,0.3
SINALOA,2020-03-09,1,1,1,1,1,1
SINALOA,2020-03-10,1,1,1,1,1,1
SINALOA,2020-03-11,1,1,1,1,1,1
SINALOA,2020-03-12,1,1,1,1,1,1
SINALOA,2020-03-13,1,1,2,1,1,1
SINALOA,2020-03-14,2,1,2,2,2,1
SINALOA,2020-03-15,2,2,3,2,2,1
SINALOA,2020-03-16,3,2,3,3,3,1
SINALOA,2020-03-17,4,3,4,4,4,1
SINALOA,2020-03-18,4,4,5,4,4,1
SINALOA,2020-03-19,5,5,6,5,5,1
SINALOA,2020-03-20,7,6,7,7,7,1
SINALOA,2020-03-21,8,7,9,8,8,1
SINALOA,2020-03-22,9,9,10,9,9,1
SINALOA,2020-03-23,11,10,12,11,11,1
SINALOA,2020-03-24,13,12,14,13,13,1
SINALOA,2020-03-25,15,14,16,15,15,1
SINALOA,2020-03-26,17,16,17,17,17,1
SINALOA,2020-03-27,19,18,19,19,19,1
SINALOA,2020-03-28,20,20,21,20,20,1
SINALOA,2020-03-29,22,21,22,22,22,1
SINALOA,2020-03-30,23,23,24,23,23,1
SINALOA,2020-03-31,25,24,25,25,25,1
SINALOA,2020-04-01,26,26,27,26,26,1
SINALOA,2020-04-02,28,28,29,28,28,1
SINALOA,2020-04-03,30,29,31,30,30,0.99
SINALOA,2020-04-04,32,31,33,31,32,0.99
SINALOA,2020-04-05,33,32,34,33,33,0.99
SINALOA,2020-04-06,34,33,35,34,34,0.99
SINALOA,2020-04-07,35,35,37,34,35,0.99
SINALOA,2020-04-08,38,37,39,37,38,0.98
SINALOA,2020-04-09,40,39,41,39,40,0.98
SINALOA,2020-04-10,41,40,43,40,41,0.97
SINALOA,2020-04-11,42,41,44,41,42,0.96
SINALOA,2020-04-12,43,41,45,42,43,0.96
SINALOA,2020-04-13,43,41,46,41,43,0.94
SINALOA,2020-04-14,44,42,47,42,44,0.93
SINALOA,2020-04-15,45,42,48,43,45,0.92
SINALOA,2020-04-16,46,43,50,43,46,0.9
SINALOA,2020-04-17,47,43,51,44,47,0.87
SINALOA,2020-04-18,46.5,42,51,44,47,0.85
SINALOA,2020-04-19,47,42,52,44,48,0.81
SINALOA,2020-04-20,48,43,54,44,49,0.78
SINALOA,2020-04-21,52,44,58,46,52,0.73
SINALOA,2020-04-22,55,47,63,49,56,0.68
SINALOA,2020-04-23,58,48,67,51,59,0.62
SINALOA,2020-04-24,62,51,73,55,64,0.55
SINALOA,2020-04-25,63,47,75,56,67,0.47
SINALOA,2020-04-26,59,44,74,48,61,0.39
SINALOA,2020-04-27,51,33,69,41,55,0.3
SONORA,2020-03-16,1,1,1,1,1,1
SONORA,2020-03-17,1,1,1,1,1,1
SONORA,2020-03-18,1,1,1,1,1,1
SONORA,2020-03-19,1,1,1,1,1,1
SONORA,2020-03-20,1,1,1,1,1,1
SONORA,2020-03-21,2,1,2,2,2,1
SONORA,2020-03-22,2,2,2,2,2,1
SONORA,2020-03-23,2,2,2,2,2,1
SONORA,2020-03-24,3,3,3,3,3,1
SONORA,2020-03-25,3,3,3,3,3,1
SONORA,2020-03-26,4,4,4,4,4,1
SONORA,2020-03-27,4,4,4,4,4,1
SONORA,2020-03-28,5,5,5,5,5,1
SONORA,2020-03-29,5,5,5,5,5,1
SONORA,2020-03-30,5,5,6,5,5,1
SONORA,2020-03-31,6,6,6,6,6,1
SONORA,2020-04-01,6,6,6,6,6,1
SONORA,2020-04-02,6,6,6,6,6,1
SONORA,2020-04-03,6,6,6,6,6,0.99
SONORA,2020-04-04,6,6,6,6,6,0.99
SONORA,2020-04-05,7,6,7,7,7,0.99
SONORA,2020-04-06,7,7,8,7,7,0.99
SONORA,2020-04-07,7,7,8,7,7,0.99
SONORA,2020-04-08,8,7,9,8,8,0.98
SONORA,2020-04-09,8,8,9,8,8,0.98
SONORA,2020-04-10,8,8,9,8,8,0.97
SONORA,2020-04-11,9,8,10,8,9,0.96
SONORA,2020-04-12,9,8,10,9,9,0.96
SONORA,2020-04-13,9,9,11,9,9,0.94
SONORA,2020-04-14,9,9,11,9,9,0.93
SONORA,2020-04-15,11,10,12,10,11,0.92
SONORA,2020-04-16,12,11,14,11,12,0.9
SONORA,2020-04-17,12,11,15,11,12,0.87
SONORA,2020-04-18,13,11,15,11,13,0.85
SONORA,2020-04-19,15,12,17,13,15,0.81
SONORA,2020-04-20,16,12,19,14,16,0.78
SONORA,2020-04-21,16,12,20,14,17,0.73
SONORA,2020-04-22,18,13,22,14,18,0.68
SONORA,2020-04-23,18,12,24,15,19,0.62
SONORA,2020-04-24,20,14,27,16,21,0.55
SONORA,2020-04-25,22,13,29,17,23,0.47
SONORA,2020-04-26,23,13,32,19,26,0.39
SONORA,2020-04-27,26,14,39,17,27,0.3
TABASCO,2020-03-10,1,1,1,1,1,1
TABASCO,2020-03-11,1,1,1,1,1,1
TABASCO,2020-03-12,1,1,1,1,1,1
TABASCO,2020-03-13,1,1,1,1,1,1
TABASCO,2020-03-14,1,1,1,1,1,1
TABASCO,2020-03-15,1,1,2,1,1,1
TABASCO,2020-03-16,2,2,2,2,2,1
TABASCO,2020-03-17,2,2,3,2,2,1
TABASCO,2020-03-18,3,3,3,3,3,1
TABASCO,2020-03-19,4,3,4,4,4,1
TABASCO,2020-03-20,4,4,5,4,4,1
TABASCO,2020-03-21,5,5,6,5,5,1
TABASCO,2020-03-22,6,6,7,6,6,1
TABASCO,2020-03-23,8,7,8,8,8,1
TABASCO,2020-03-24,9,8,9,9,9,1
TABASCO,2020-03-25,10,10,11,10,10,1
TABASCO,2020-03-26,12,11,12,12,12,1
TABASCO,2020-03-27,13,12,14,13,13,1
TABASCO,2020-03-28,14,14,15,14,14,1
TABASCO,2020-03-29,15,15,16,15,15,1
TABASCO,2020-03-30,17,16,18,16,17,1
TABASCO,2020-03-31,18,17,19,17,18,1
TABASCO,2020-04-01,20,19,21,19,20,1
TABASCO,2020-04-02,23,22,24,22,23,1
TABASCO,2020-04-03,26,25,27,25,26,0.99
TABASCO,2020-04-04,29,27,30,28,29,0.99
TABASCO,2020-04-05,32,31,34,31,32,0.99
TABASCO,2020-04-06,35,34,37,35,36,0.99
TABASCO,2020-04-07,39,38,41,38,39,0.99
TABASCO,2020-04-08,43,40,44,42,43,0.98
TABASCO,2020-04-09,46,45,48,45,46,0.98
TABASCO,2020-04-10,49,47,51,48,49,0.97
TABASCO,2020-04-11,52,50,54,50,52,0.96
TABASCO,2020-04-12,55,53,58,53,55,0.96
TABASCO,2020-04-13,57,55,60,56,58,0.94
TABASCO,2020-04-14,58,55,61,57,59,0.93
TABASCO,2020-04-15,58,55,62,55,58,0.92
TABASCO,2020-04-16,58,54,62,55,58,0.9
TABASCO,2020-04-17,58,53,62,54,58,0.87
TABASCO,2020-04-18,58,53,63,55,59,0.85
TABASCO,2020-04-19,58,52,63,56,60,0.81
TABASCO,2020-04-20,58,52,64,54,59,0.78
TABASCO,2020-04-21,59,50,65,56,61,0.73
TABASCO,2020-04-22,59,51,67,53,60,0.68
TABASCO,2020-04-23,58,47,67,51,59,0.62
TABASCO,2020-04-24,58,46,68,52,60,0.55
TABASCO,2020-04-25,59,46,72,50,61,0.47
TABASCO,2020-04-26,59,42,73,51,63,0.39
TABASCO,2020-04-27,58.5,38,77,47,63,0.3
TAMAULIPAS,2020-03-15,1,1,1,1,1,1
TAMAULIPAS,2020-03-16,1,1,1,1,1,1
TAMAULIPAS,2020-03-17,1,1,1,1,1,1
TAMAULIPAS,2020-03-18,1,1,1,1,1,1
TAMAULIPAS,2020-03-19,1,1,1,1,1,1
TAMAULIPAS,2020-03-20,2,1,2,2,2,1
TAMAULIPAS,2020-03-21,2,2,2,2,2,1
TAMAULIPAS,2020-03-22,2,2,2,2,2,1
TAMAULIPAS,2020-03-23,3,3,3,3,3,1
TAMAULIPAS,2020-03-24,3,3,3,3,3,1
TAMAULIPAS,2020-03-25,4,4,4,4,4,1
TAMAULIPAS,2020-03-26,4,4,5,4,4,1
TAMAULIPAS,2020-03-27,5,5,5,5,5,1
TAMAULIPAS,2020-03-28,5,5,5,5,5,1
TAMAULIPAS,2020-03-29,6,5,6,6,6,1
TAMAULIPAS,2020-03-30,6,6,6,6,6,1
TAMAULIPAS,2020-03-31,6,6,7,6,6,1
TAMAULIPAS,2020-04-01,7,6,7,7,7,1
TAMAULIPAS,2020-04-02,7,7,8,7,7,1
TAMAULIPAS,2020-04-03,8,8,8,8,8,0.99
TAMAULIPAS,2020-04-04,9,8,9,9,9,0.99
TAMAULIPAS,2020-04-05,10,9,10,10,10,0.99
TAMAULIPAS,2020-04-06,11,11,12,11,11,0.99
TAMAULIPAS,2020-04-07,12,12,13,12,12,0.99
TAMAULIPAS,2020-04-08,13,13,14,13,13,0.98
TAMAULIPAS,2020-04-09,14,14,15,14,14,0.98
TAMAULIPAS,2020-04-10,15,15,16,15,15,0.97
TAMAULIPAS,2020-04-11,16,16,18,16,16,0.96
TAMAULIPAS,2020-04-12,17,16,18,16,17,0.96
TAMAULIPAS,2020-04-13,17,16,18,16,17,0.94
TAMAULIPAS,2020-04-14,17,16,19,16,17,0.93
TAMAULIPAS,2020-04-15,18,16,20,17,18,0.92
TAMAULIPAS,2020-04-16,18.5,17,21,18,19,0.9
TAMAULIPAS,2020-04-17,18,16,21,16,18,0.87
TAMAULIPAS,2020-04-18,18,15,21,16,18,0.85
TAMAULIPAS,2020-04-19,18,15,21,16,18,0.81
TAMAULIPAS,2020-04-20,17,14,21,16,18,0.78
TAMAULIPAS,2020-04-21,17,12,20,14,17,0.73
TAMAULIPAS,2020-04-22,15,10,19,12,15,0.68
TAMAULIPAS,2020-04-23,15,10,20,13,16,0.62
TAMAULIPAS,2020-04-24,16,10,22,13,17,0.55
TAMAULIPAS,2020-04-25,16,9,23,12,17,0.47
TAMAULIPAS,2020-04-26,16,8,25,10,17,0.39
TAMAULIPAS,2020-04-27,16,6,26,8,16,0.3
TLAXCALA,2020-03-18,1,1,1,1,1,1
TLAXCALA,2020-03-19,1,1,1,1,1,1
TLAXCALA,2020-03-20,1,1,1,1,1,1
TLAXCALA,2020-03-21,1,1,1,1,1,1
TLAXCALA,2020-03-22,1,1,1,1,1,1
TLAXCALA,2020-03-23,2,1,2,2,2,1
TLAXCALA,2020-03-24,2,2,2,2,2,1
TLAXCALA,2020-03-25,2,2,2,2,2,1
TLAXCALA,2020-03-26,3,3,3,3,3,1
TLAXCALA,2020-03-27,3,3,3,3,3,1
TLAXCALA,2020-03-28,3,3,4,3,3,1
TLAXCALA,2020-03-29,4,4,4,4,4,1
TLAXCALA,2020-03-30,4,4,4,4,4,1
TLAXCALA,2020-03-31,4,4,5,4,4,1
TLAXCALA,2020-04-01,5,5,5,5,5,1
TLAXCALA,2020-04-02,5,5,5,5,5,1
TLAXCALA,2020-04-03,5,5,5,5,5,0.99
TLAXCALA,2020-04-04,5,5,5,5,5,0.99
TLAXCALA,2020-04-05,5,5,5,5,5,0.99
TLAXCALA,2020-04-06,6,5,6,6,6,0.99
TLAXCALA,2020-04-07,6,5,6,6,6,0.99
TLAXCALA,2020-04-08,6,6,7,6,6,0.98
TLAXCALA,2020-04-09,7,7,8,7,7,0.98
TLAXCALA,2020-04-10,7,7,8,7,7,0.97
TLAXCALA,2020-04-11,8,8,9,8,8,0.96
TLAXCALA,2020-04-12,9,8,10,9,9,0.96
TLAXCALA,2020-04-13,9,9,11,9,9,0.94
TLAXCALA,2020-04-14,11,10,12,10,11,0.93
TLAXCALA,2020-04-15,12,11,14,11,12,0.92
TLAXCALA,2020-04-16,12,11,14,11,12,0.9
TLAXCALA,2020-04-17,12,11,15,11,12,0.87
TLAXCALA,2020-04-18,13,11,15,11,13,0.85
TLAXCALA,2020-04-19,14,11,16,12,14,0.81
TLAXCALA,2020-04-20,14,11,17,12,14,0.78
TLAXCALA,2020-04-21,15,10,18,12,15,0.73
TLAXCALA,2020-04-22,15,10,19,12,15,0.68
TLAXCALA,2020-04-23,15,11,20,11,15,0.62
TLAXCALA,2020-04-24,15,9,20,11,15,0.55
TLAXCALA,2020-04-25,14,8,21,10,15,0.47
TLAXCALA,2020-04-26,14,7,22,9,15,0.39
TLAXCALA,2020-04-27,14,7,25,8,15,0.3
VERACRUZ,2020-03-14,1,1,1,1,1,1
VERACRUZ,2020-03-15,1,1,1,1,1,1
VERACRUZ,2020-03-16,1,1,1,1,1,1
VERACRUZ,2020-03-17,1,1,1,1,1,1
VERACRUZ,2020-03-18,1,1,1,1,1,1
VERACRUZ,2020-03-19,1,1,2,1,1,1
VERACRUZ,2020-03-20,2,2,2,2,2,1
VERACRUZ,2020-03-21,2,2,3,2,2,1
VERACRUZ,2020-03-22,3,3,3,3,3,1
VERACRUZ,2020-03-23,3,3,4,3,3,1
VERACRUZ,2020-03-24,4,4,4,4,4,1
VERACRUZ,2020-03-25,5,5,5,5,5,1
VERACRUZ,2020-03-26,6,5,6,6,6,1
VERACRUZ,2020-03-27,6,6,7,6,6,1
VERACRUZ,2020-03-28,7,7,8,7,7,1
VERACRUZ,2020-03-29,8,8,9,8,8,1
VERACRUZ,2020-03-30,9,8,9,9,9,1
VERACRUZ,2020-03-31,10,9,10,10,10,1
VERACRUZ,2020-04-01,11,10,11,11,11,1
VERACRUZ,2020-04-02,12,11,12,12,12,1
VERACRUZ,2020-04-03,13,12,14,13,13,0.99
VERACRUZ,2020-04-04,14,14,15,14,14,0.99
VERACRUZ,2020-04-05,16,15,17,15,16,0.99
VERACRUZ,2020-04-06,17,16,18,17,17,0.99
VERACRUZ,2020-04-07,19,18,20,18,19,0.99
VERACRUZ,2020-04-08,21,20,22,20,21,0.98
VERACRUZ,2020-04-09,23,22,25,22,23,0.98
VERACRUZ,2020-04-10,25,24,27,24,25,0.97
VERACRUZ,2020-04-11,28,26,30,27,28,0.96
VERACRUZ,2020-04-12,31,29,33,30,31,0.96
VERACRUZ,2020-04-13,34,32,36,32,34,0.94
VERACRUZ,2020-04-14,37,35,40,36,38,0.93
VERACRUZ,2020-04-15,40,37,43,38,40,0.92
VERACRUZ,2020-04-16,43,40,47,42,44,0.9
VERACRUZ,2020-04-17,46,41,49,43,46,0.87
VERACRUZ,2020-04-18,48,43,52,46,49,0.85
VERACRUZ,2020-04-19,49,44,54,45,49,0.81
VERACRUZ,2020-04-20,51,44,56,46,51,0.78
VERACRUZ,2020-04-21,52,45,59,49,54,0.73
VERACRUZ,2020-04-22,52,46,62,49,55,0.68
VERACRUZ,2020-04-23,53,44,62,47,54,0.62
VERACRUZ,2020-04-24,54,43,65,47,56,0.55
VERACRUZ,2020-04-25,55,40,66,46,56,0.47
VERACRUZ,2020-04-26,54,40,70,45,57,0.39
VERACRUZ,2020-04-27,57,40,76,47,62,0.3
YUCATAN,2020-03-15,1,1,1,1,1,1
YUCATAN,2020-03-16,1,1,1,1,1,1
YUCATAN,2020-03-17,1,1,1,1,1,1
YUCATAN,2020-03-18,1,1,1,1,1,1
YUCATAN,2020-03-19,1,1,1,1,1,1
YUCATAN,2020-03-20,2,1,2,2,2,1
YUCATAN,2020-03-21,2,2,2,2,2,1
YUCATAN,2020-03-22,2,2,3,2,2,1
YUCATAN,2020-03-23,3,3,3,3,3,1
YUCATAN,2020-03-24,4,3,4,4,4,1
YUCATAN,2020-03-25,4,4,4,4,4,1
YUCATAN,2020-03-26,5,5,5,5,5,1
YUCATAN,2020-03-27,6,5,6,6,6,1
YUCATAN,2020-03-28,6,6,6,6,6,1
YUCATAN,2020-03-29,7,6,7,7,7,1
YUCATAN,2020-03-30,7,7,8,7,7,1
YUCATAN,2020-03-31,8,8,8,8,8,1
YUCATAN,2020-04-01,9,8,9,9,9,1
YUCATAN,2020-04-02,10,9,10,10,10,1
YUCATAN,2020-04-03,11,10,11,11,11,0.99
YUCATAN,2020-04-04,11,11,12,11,11,0.99
YUCATAN,2020-04-05,12,12,13,12,12,0.99
YUCATAN,2020-04-06,13,13,14,13,13,0.99
YUCATAN,2020-04-07,14,13,15,14,14,0.99
YUCATAN,2020-04-08,16,15,17,15,16,0.98
YUCATAN,2020-04-09,17,16,18,17,17,0.98
YUCATAN,2020-04-10,19,18,20,18,19,0.97
YUCATAN,2020-04-11,20,19,22,19,20,0.96
YUCATAN,2020-04-12,22,20,23,21,22,0.96
YUCATAN,2020-04-13,23,22,25,22,23,0.94
YUCATAN,2020-04-14,25,23,27,24,25,0.93
YUCATAN,2020-04-15,27,25,30,25,27,0.92
YUCATAN,2020-04-16,30,27,33,28,30,0.9
YUCATAN,2020-04-17,32,29,35,31,33,0.87
YUCATAN,2020-04-18,34,29,37,31,34,0.85
YUCATAN,2020-04-19,35,29,38,32,35,0.81
YUCATAN,2020-04-20,36,30,40,32,36,0.78
YUCATAN,2020-04-21,36,30,42,32,37,0.73
YUCATAN,2020-04-22,38,30,44,34,39,0.68
YUCATAN,2020-04-23,40,32,48,37,43,0.62
YUCATAN,2020-04-24,42,32,51,36,43,0.55
YUCATAN,2020-04-25,42,30,53,36,45,0.47
YUCATAN,2020-04-26,43,29,55,35,46,0.39
YUCATAN,2020-04-27,44,28,60,37,49,0.3
ZACATECAS,2020-03-25,1,1,1,1,1,1
ZACATECAS,2020-03-26,1,1,1,1,1,1
ZACATECAS,2020-03-27,1,1,1,1,1,1
ZACATECAS,2020-03-28,1,1,1,1,1,1
ZACATECAS,2020-03-29,1,1,1,1,1,1
ZACATECAS,2020-03-30,1,1,1,1,1,1
ZACATECAS,2020-03-31,1,1,1,1,1,1
ZACATECAS,2020-04-01,1,1,1,1,1,1
ZACATECAS,2020-04-02,1,1,2,1,1,1
ZACATECAS,2020-04-03,2,2,2,2,2,0.99
ZACATECAS,2020-04-04,2,2,2,2,2,0.99
ZACATECAS,2020-04-05,2,2,2,2,2,0.99
ZACATECAS,2020-04-06,2,2,2,2,2,0.99
ZACATECAS,2020-04-07,3,2,3,3,3,0.99
ZACATECAS,2020-04-08,3,3,3,3,3,0.98
ZACATECAS,2020-04-09,3,3,3,3,3,0.98
ZACATECAS,2020-04-10,3,3,4,3,3,0.97
ZACATECAS,2020-04-11,4,4,5,4,4,0.96
ZACATECAS,2020-04-12,4,4,5,4,4,0.96
ZACATECAS,2020-04-13,4,4,5,4,4,0.94
ZACATECAS,2020-04-14,4,4,5,4,4,0.93
ZACATECAS,2020-04-15,4,4,5,4,4,0.92
ZACATECAS,2020-04-16,4,4,6,4,4,0.9
ZACATECAS,2020-04-17,4,4,6,4,4,0.87
ZACATECAS,2020-04-18,5,4,6,4,5,0.85
ZACATECAS,2020-04-19,5,4,7,4,5,0.81
ZACATECAS,2020-04-20,5,4,7,4,5,0.78
ZACATECAS,2020-04-21,6,4,8,5,6,0.73
ZACATECAS,2020-04-22,6,4,9,4,6,0.68
ZACATECAS,2020-04-23,7,3,10,5,7,0.62
ZACATECAS,2020-04-24,6,3,10,3,6,0.55
ZACATECAS,2020-04-25,7,3,12,4,7,0.47
ZACATECAS,2020-04-26,6,2,12,2,6,0.39
ZACATECAS,2020-04-27,8,2,15,3,8,0.3
